,Temperature (K),Concentration A (mol/L),Concentration B (mol/L),Reaction Rate (mol/LÂ·s)
0,300,0.1,0.1,1.197604790419162e-05
1,300,0.1,0.2,2.392821535393819e-05
2,300,0.1,0.30000000000000004,3.5856573705179294e-05
3,300,0.1,0.4,4.776119402985075e-05
4,300,0.1,0.5,5.964214711729623e-05
5,300,0.1,0.6,7.149950347567031e-05
6,300,0.1,0.7000000000000001,8.333333333333334e-05
7,300,0.1,0.8,9.514370664023787e-05
8,300,0.1,0.9,0.00010693069306930695
9,300,0.1,1.0,0.00011869436201780416
10,300,0.2,0.1,2.392821535393819e-05
11,300,0.2,0.2,4.780876494023905e-05
12,300,0.2,0.30000000000000004,7.164179104477612e-05
13,300,0.2,0.4,9.542743538767396e-05
14,300,0.2,0.5,0.00011916583912611719
15,300,0.2,0.6,0.00014285714285714284
16,300,0.2,0.7000000000000001,0.00016650148662041627
17,300,0.2,0.8,0.0001900990099009901
18,300,0.2,0.9,0.0002136498516320475
19,300,0.2,1.0,0.00023715415019762842
20,300,0.30000000000000004,0.1,3.5856573705179294e-05
21,300,0.30000000000000004,0.2,7.164179104477612e-05
22,300,0.30000000000000004,0.30000000000000004,0.00010735586481113325
23,300,0.30000000000000004,0.4,0.00014299900695134064
24,300,0.30000000000000004,0.5,0.00017857142857142863
25,300,0.30000000000000004,0.6,0.00021407333994053523
26,300,0.30000000000000004,0.7000000000000001,0.0002495049504950496
27,300,0.30000000000000004,0.8,0.00028486646884273
28,300,0.30000000000000004,0.9,0.0003201581027667985
29,300,0.30000000000000004,1.0,0.0003553800592300099
30,300,0.4,0.1,4.776119402985075e-05
31,300,0.4,0.2,9.542743538767396e-05
32,300,0.4,0.30000000000000004,0.00014299900695134064
33,300,0.4,0.4,0.00019047619047619048
34,300,0.4,0.5,0.00023785926660059464
35,300,0.4,0.6,0.0002851485148514851
36,300,0.4,0.7000000000000001,0.00033234421364985165
37,300,0.4,0.8,0.0003794466403162055
38,300,0.4,0.9,0.00042645607107601185
39,300,0.4,1.0,0.0004733727810650887
40,300,0.5,0.1,5.964214711729623e-05
41,300,0.5,0.2,0.00011916583912611719
42,300,0.5,0.30000000000000004,0.00017857142857142863
43,300,0.5,0.4,0.00023785926660059464
44,300,0.5,0.5,0.0002970297029702971
45,300,0.5,0.6,0.0003560830860534125
46,300,0.5,0.7000000000000001,0.0004150197628458499
47,300,0.5,0.8,0.0004738400789733465
48,300,0.5,0.9,0.0005325443786982249
49,300,0.5,1.0,0.0005911330049261083
50,300,0.6,0.1,7.149950347567032e-05
51,300,0.6,0.2,0.00014285714285714287
52,300,0.6,0.30000000000000004,0.00021407333994053523
53,300,0.6,0.4,0.00028514851485148516
54,300,0.6,0.5,0.0003560830860534125
55,300,0.6,0.6,0.00042687747035573113
56,300,0.6,0.7000000000000001,0.0004975320829220138
57,300,0.6,0.8,0.0005680473372781065
58,300,0.6,0.9,0.0006384236453201971
59,300,0.6,1.0,0.0007086614173228346
60,300,0.7000000000000001,0.1,8.333333333333336e-05
61,300,0.7000000000000001,0.2,0.0001665014866204163
62,300,0.7000000000000001,0.30000000000000004,0.0002495049504950496
63,300,0.7000000000000001,0.4,0.0003323442136498517
64,300,0.7000000000000001,0.5,0.0004150197628458499
65,300,0.7000000000000001,0.6,0.0004975320829220138
66,300,0.7000000000000001,0.7000000000000001,0.000579881656804734
67,300,0.7000000000000001,0.8,0.0006620689655172415
68,300,0.7000000000000001,0.9,0.0007440944881889766
69,300,0.7000000000000001,1.0,0.0008259587020648969
70,300,0.8,0.1,9.514370664023787e-05
71,300,0.8,0.2,0.0001900990099009901
72,300,0.8,0.30000000000000004,0.00028486646884273
73,300,0.8,0.4,0.0003794466403162055
74,300,0.8,0.5,0.0004738400789733465
75,300,0.8,0.6,0.0005680473372781064
76,300,0.8,0.7000000000000001,0.0006620689655172414
77,300,0.8,0.8,0.0007559055118110237
78,300,0.8,0.9,0.0008495575221238938
79,300,0.8,1.0,0.000943025540275049
80,300,0.9,0.1,0.00010693069306930696
81,300,0.9,0.2,0.00021364985163204752
82,300,0.9,0.30000000000000004,0.00032015810276679856
83,300,0.9,0.4,0.0004264560710760119
84,300,0.9,0.5,0.0005325443786982249
85,300,0.9,0.6,0.0006384236453201972
86,300,0.9,0.7000000000000001,0.0007440944881889766
87,300,0.9,0.8,0.000849557522123894
88,300,0.9,0.9,0.0009548133595284874
89,300,0.9,1.0,0.0010598626104023554
90,300,1.0,0.1,0.00011869436201780416
91,300,1.0,0.2,0.00023715415019762842
92,300,1.0,0.30000000000000004,0.0003553800592300099
93,300,1.0,0.4,0.0004733727810650887
94,300,1.0,0.5,0.0005911330049261083
95,300,1.0,0.6,0.0007086614173228346
96,300,1.0,0.7000000000000001,0.0008259587020648969
97,300,1.0,0.8,0.000943025540275049
98,300,1.0,0.9,0.0010598626104023554
99,300,1.0,1.0,0.001176470588235294
100,310,0.1,0.1,1.197604790419162e-05
101,310,0.1,0.2,2.392821535393819e-05
102,310,0.1,0.30000000000000004,3.5856573705179294e-05
103,310,0.1,0.4,4.776119402985075e-05
104,310,0.1,0.5,5.964214711729623e-05
105,310,0.1,0.6,7.149950347567031e-05
106,310,0.1,0.7000000000000001,8.333333333333334e-05
107,310,0.1,0.8,9.514370664023787e-05
108,310,0.1,0.9,0.00010693069306930695
109,310,0.1,1.0,0.00011869436201780416
110,310,0.2,0.1,2.392821535393819e-05
111,310,0.2,0.2,4.780876494023905e-05
112,310,0.2,0.30000000000000004,7.164179104477612e-05
113,310,0.2,0.4,9.542743538767396e-05
114,310,0.2,0.5,0.00011916583912611719
115,310,0.2,0.6,0.00014285714285714284
116,310,0.2,0.7000000000000001,0.00016650148662041627
117,310,0.2,0.8,0.0001900990099009901
118,310,0.2,0.9,0.0002136498516320475
119,310,0.2,1.0,0.00023715415019762842
120,310,0.30000000000000004,0.1,3.5856573705179294e-05
121,310,0.30000000000000004,0.2,7.164179104477612e-05
122,310,0.30000000000000004,0.30000000000000004,0.00010735586481113325
123,310,0.30000000000000004,0.4,0.00014299900695134064
124,310,0.30000000000000004,0.5,0.00017857142857142863
125,310,0.30000000000000004,0.6,0.00021407333994053523
126,310,0.30000000000000004,0.7000000000000001,0.0002495049504950496
127,310,0.30000000000000004,0.8,0.00028486646884273
128,310,0.30000000000000004,0.9,0.0003201581027667985
129,310,0.30000000000000004,1.0,0.0003553800592300099
130,310,0.4,0.1,4.776119402985075e-05
131,310,0.4,0.2,9.542743538767396e-05
132,310,0.4,0.30000000000000004,0.00014299900695134064
133,310,0.4,0.4,0.00019047619047619048
134,310,0.4,0.5,0.00023785926660059464
135,310,0.4,0.6,0.0002851485148514851
136,310,0.4,0.7000000000000001,0.00033234421364985165
137,310,0.4,0.8,0.0003794466403162055
138,310,0.4,0.9,0.00042645607107601185
139,310,0.4,1.0,0.0004733727810650887
140,310,0.5,0.1,5.964214711729623e-05
141,310,0.5,0.2,0.00011916583912611719
142,310,0.5,0.30000000000000004,0.00017857142857142863
143,310,0.5,0.4,0.00023785926660059464
144,310,0.5,0.5,0.0002970297029702971
145,310,0.5,0.6,0.0003560830860534125
146,310,0.5,0.7000000000000001,0.0004150197628458499
147,310,0.5,0.8,0.0004738400789733465
148,310,0.5,0.9,0.0005325443786982249
149,310,0.5,1.0,0.0005911330049261083
150,310,0.6,0.1,7.149950347567032e-05
151,310,0.6,0.2,0.00014285714285714287
152,310,0.6,0.30000000000000004,0.00021407333994053523
153,310,0.6,0.4,0.00028514851485148516
154,310,0.6,0.5,0.0003560830860534125
155,310,0.6,0.6,0.00042687747035573113
156,310,0.6,0.7000000000000001,0.0004975320829220138
157,310,0.6,0.8,0.0005680473372781065
158,310,0.6,0.9,0.0006384236453201971
159,310,0.6,1.0,0.0007086614173228346
160,310,0.7000000000000001,0.1,8.333333333333336e-05
161,310,0.7000000000000001,0.2,0.0001665014866204163
162,310,0.7000000000000001,0.30000000000000004,0.0002495049504950496
163,310,0.7000000000000001,0.4,0.0003323442136498517
164,310,0.7000000000000001,0.5,0.0004150197628458499
165,310,0.7000000000000001,0.6,0.0004975320829220138
166,310,0.7000000000000001,0.7000000000000001,0.000579881656804734
167,310,0.7000000000000001,0.8,0.0006620689655172415
168,310,0.7000000000000001,0.9,0.0007440944881889766
169,310,0.7000000000000001,1.0,0.0008259587020648969
170,310,0.8,0.1,9.514370664023787e-05
171,310,0.8,0.2,0.0001900990099009901
172,310,0.8,0.30000000000000004,0.00028486646884273
173,310,0.8,0.4,0.0003794466403162055
174,310,0.8,0.5,0.0004738400789733465
175,310,0.8,0.6,0.0005680473372781064
176,310,0.8,0.7000000000000001,0.0006620689655172414
177,310,0.8,0.8,0.0007559055118110237
178,310,0.8,0.9,0.0008495575221238938
179,310,0.8,1.0,0.000943025540275049
180,310,0.9,0.1,0.00010693069306930696
181,310,0.9,0.2,0.00021364985163204752
182,310,0.9,0.30000000000000004,0.00032015810276679856
183,310,0.9,0.4,0.0004264560710760119
184,310,0.9,0.5,0.0005325443786982249
185,310,0.9,0.6,0.0006384236453201972
186,310,0.9,0.7000000000000001,0.0007440944881889766
187,310,0.9,0.8,0.000849557522123894
188,310,0.9,0.9,0.0009548133595284874
189,310,0.9,1.0,0.0010598626104023554
190,310,1.0,0.1,0.00011869436201780416
191,310,1.0,0.2,0.00023715415019762842
192,310,1.0,0.30000000000000004,0.0003553800592300099
193,310,1.0,0.4,0.0004733727810650887
194,310,1.0,0.5,0.0005911330049261083
195,310,1.0,0.6,0.0007086614173228346
196,310,1.0,0.7000000000000001,0.0008259587020648969
197,310,1.0,0.8,0.000943025540275049
198,310,1.0,0.9,0.0010598626104023554
199,310,1.0,1.0,0.001176470588235294
200,320,0.1,0.1,1.197604790419162e-05
201,320,0.1,0.2,2.392821535393819e-05
202,320,0.1,0.30000000000000004,3.5856573705179294e-05
203,320,0.1,0.4,4.776119402985075e-05
204,320,0.1,0.5,5.964214711729623e-05
205,320,0.1,0.6,7.149950347567031e-05
206,320,0.1,0.7000000000000001,8.333333333333334e-05
207,320,0.1,0.8,9.514370664023787e-05
208,320,0.1,0.9,0.00010693069306930695
209,320,0.1,1.0,0.00011869436201780416
210,320,0.2,0.1,2.392821535393819e-05
211,320,0.2,0.2,4.780876494023905e-05
212,320,0.2,0.30000000000000004,7.164179104477612e-05
213,320,0.2,0.4,9.542743538767396e-05
214,320,0.2,0.5,0.00011916583912611719
215,320,0.2,0.6,0.00014285714285714284
216,320,0.2,0.7000000000000001,0.00016650148662041627
217,320,0.2,0.8,0.0001900990099009901
218,320,0.2,0.9,0.0002136498516320475
219,320,0.2,1.0,0.00023715415019762842
220,320,0.30000000000000004,0.1,3.5856573705179294e-05
221,320,0.30000000000000004,0.2,7.164179104477612e-05
222,320,0.30000000000000004,0.30000000000000004,0.00010735586481113325
223,320,0.30000000000000004,0.4,0.00014299900695134064
224,320,0.30000000000000004,0.5,0.00017857142857142863
225,320,0.30000000000000004,0.6,0.00021407333994053523
226,320,0.30000000000000004,0.7000000000000001,0.0002495049504950496
227,320,0.30000000000000004,0.8,0.00028486646884273
228,320,0.30000000000000004,0.9,0.0003201581027667985
229,320,0.30000000000000004,1.0,0.0003553800592300099
230,320,0.4,0.1,4.776119402985075e-05
231,320,0.4,0.2,9.542743538767396e-05
232,320,0.4,0.30000000000000004,0.00014299900695134064
233,320,0.4,0.4,0.00019047619047619048
234,320,0.4,0.5,0.00023785926660059464
235,320,0.4,0.6,0.0002851485148514851
236,320,0.4,0.7000000000000001,0.00033234421364985165
237,320,0.4,0.8,0.0003794466403162055
238,320,0.4,0.9,0.00042645607107601185
239,320,0.4,1.0,0.0004733727810650887
240,320,0.5,0.1,5.964214711729623e-05
241,320,0.5,0.2,0.00011916583912611719
242,320,0.5,0.30000000000000004,0.00017857142857142863
243,320,0.5,0.4,0.00023785926660059464
244,320,0.5,0.5,0.0002970297029702971
245,320,0.5,0.6,0.0003560830860534125
246,320,0.5,0.7000000000000001,0.0004150197628458499
247,320,0.5,0.8,0.0004738400789733465
248,320,0.5,0.9,0.0005325443786982249
249,320,0.5,1.0,0.0005911330049261083
250,320,0.6,0.1,7.149950347567032e-05
251,320,0.6,0.2,0.00014285714285714287
252,320,0.6,0.30000000000000004,0.00021407333994053523
253,320,0.6,0.4,0.00028514851485148516
254,320,0.6,0.5,0.0003560830860534125
255,320,0.6,0.6,0.00042687747035573113
256,320,0.6,0.7000000000000001,0.0004975320829220138
257,320,0.6,0.8,0.0005680473372781065
258,320,0.6,0.9,0.0006384236453201971
259,320,0.6,1.0,0.0007086614173228346
260,320,0.7000000000000001,0.1,8.333333333333336e-05
261,320,0.7000000000000001,0.2,0.0001665014866204163
262,320,0.7000000000000001,0.30000000000000004,0.0002495049504950496
263,320,0.7000000000000001,0.4,0.0003323442136498517
264,320,0.7000000000000001,0.5,0.0004150197628458499
265,320,0.7000000000000001,0.6,0.0004975320829220138
266,320,0.7000000000000001,0.7000000000000001,0.000579881656804734
267,320,0.7000000000000001,0.8,0.0006620689655172415
268,320,0.7000000000000001,0.9,0.0007440944881889766
269,320,0.7000000000000001,1.0,0.0008259587020648969
270,320,0.8,0.1,9.514370664023787e-05
271,320,0.8,0.2,0.0001900990099009901
272,320,0.8,0.30000000000000004,0.00028486646884273
273,320,0.8,0.4,0.0003794466403162055
274,320,0.8,0.5,0.0004738400789733465
275,320,0.8,0.6,0.0005680473372781064
276,320,0.8,0.7000000000000001,0.0006620689655172414
277,320,0.8,0.8,0.0007559055118110237
278,320,0.8,0.9,0.0008495575221238938
279,320,0.8,1.0,0.000943025540275049
280,320,0.9,0.1,0.00010693069306930696
281,320,0.9,0.2,0.00021364985163204752
282,320,0.9,0.30000000000000004,0.00032015810276679856
283,320,0.9,0.4,0.0004264560710760119
284,320,0.9,0.5,0.0005325443786982249
285,320,0.9,0.6,0.0006384236453201972
286,320,0.9,0.7000000000000001,0.0007440944881889766
287,320,0.9,0.8,0.000849557522123894
288,320,0.9,0.9,0.0009548133595284874
289,320,0.9,1.0,0.0010598626104023554
290,320,1.0,0.1,0.00011869436201780416
291,320,1.0,0.2,0.00023715415019762842
292,320,1.0,0.30000000000000004,0.0003553800592300099
293,320,1.0,0.4,0.0004733727810650887
294,320,1.0,0.5,0.0005911330049261083
295,320,1.0,0.6,0.0007086614173228346
296,320,1.0,0.7000000000000001,0.0008259587020648969
297,320,1.0,0.8,0.000943025540275049
298,320,1.0,0.9,0.0010598626104023554
299,320,1.0,1.0,0.001176470588235294
300,330,0.1,0.1,1.197604790419162e-05
301,330,0.1,0.2,2.392821535393819e-05
302,330,0.1,0.30000000000000004,3.5856573705179294e-05
303,330,0.1,0.4,4.776119402985075e-05
304,330,0.1,0.5,5.964214711729623e-05
305,330,0.1,0.6,7.149950347567031e-05
306,330,0.1,0.7000000000000001,8.333333333333334e-05
307,330,0.1,0.8,9.514370664023787e-05
308,330,0.1,0.9,0.00010693069306930695
309,330,0.1,1.0,0.00011869436201780416
310,330,0.2,0.1,2.392821535393819e-05
311,330,0.2,0.2,4.780876494023905e-05
312,330,0.2,0.30000000000000004,7.164179104477612e-05
313,330,0.2,0.4,9.542743538767396e-05
314,330,0.2,0.5,0.00011916583912611719
315,330,0.2,0.6,0.00014285714285714284
316,330,0.2,0.7000000000000001,0.00016650148662041627
317,330,0.2,0.8,0.0001900990099009901
318,330,0.2,0.9,0.0002136498516320475
319,330,0.2,1.0,0.00023715415019762842
320,330,0.30000000000000004,0.1,3.5856573705179294e-05
321,330,0.30000000000000004,0.2,7.164179104477612e-05
322,330,0.30000000000000004,0.30000000000000004,0.00010735586481113325
323,330,0.30000000000000004,0.4,0.00014299900695134064
324,330,0.30000000000000004,0.5,0.00017857142857142863
325,330,0.30000000000000004,0.6,0.00021407333994053523
326,330,0.30000000000000004,0.7000000000000001,0.0002495049504950496
327,330,0.30000000000000004,0.8,0.00028486646884273
328,330,0.30000000000000004,0.9,0.0003201581027667985
329,330,0.30000000000000004,1.0,0.0003553800592300099
330,330,0.4,0.1,4.776119402985075e-05
331,330,0.4,0.2,9.542743538767396e-05
332,330,0.4,0.30000000000000004,0.00014299900695134064
333,330,0.4,0.4,0.00019047619047619048
334,330,0.4,0.5,0.00023785926660059464
335,330,0.4,0.6,0.0002851485148514851
336,330,0.4,0.7000000000000001,0.00033234421364985165
337,330,0.4,0.8,0.0003794466403162055
338,330,0.4,0.9,0.00042645607107601185
339,330,0.4,1.0,0.0004733727810650887
340,330,0.5,0.1,5.964214711729623e-05
341,330,0.5,0.2,0.00011916583912611719
342,330,0.5,0.30000000000000004,0.00017857142857142863
343,330,0.5,0.4,0.00023785926660059464
344,330,0.5,0.5,0.0002970297029702971
345,330,0.5,0.6,0.0003560830860534125
346,330,0.5,0.7000000000000001,0.0004150197628458499
347,330,0.5,0.8,0.0004738400789733465
348,330,0.5,0.9,0.0005325443786982249
349,330,0.5,1.0,0.0005911330049261083
350,330,0.6,0.1,7.149950347567032e-05
351,330,0.6,0.2,0.00014285714285714287
352,330,0.6,0.30000000000000004,0.00021407333994053523
353,330,0.6,0.4,0.00028514851485148516
354,330,0.6,0.5,0.0003560830860534125
355,330,0.6,0.6,0.00042687747035573113
356,330,0.6,0.7000000000000001,0.0004975320829220138
357,330,0.6,0.8,0.0005680473372781065
358,330,0.6,0.9,0.0006384236453201971
359,330,0.6,1.0,0.0007086614173228346
360,330,0.7000000000000001,0.1,8.333333333333336e-05
361,330,0.7000000000000001,0.2,0.0001665014866204163
362,330,0.7000000000000001,0.30000000000000004,0.0002495049504950496
363,330,0.7000000000000001,0.4,0.0003323442136498517
364,330,0.7000000000000001,0.5,0.0004150197628458499
365,330,0.7000000000000001,0.6,0.0004975320829220138
366,330,0.7000000000000001,0.7000000000000001,0.000579881656804734
367,330,0.7000000000000001,0.8,0.0006620689655172415
368,330,0.7000000000000001,0.9,0.0007440944881889766
369,330,0.7000000000000001,1.0,0.0008259587020648969
370,330,0.8,0.1,9.514370664023787e-05
371,330,0.8,0.2,0.0001900990099009901
372,330,0.8,0.30000000000000004,0.00028486646884273
373,330,0.8,0.4,0.0003794466403162055
374,330,0.8,0.5,0.0004738400789733465
375,330,0.8,0.6,0.0005680473372781064
376,330,0.8,0.7000000000000001,0.0006620689655172414
377,330,0.8,0.8,0.0007559055118110237
378,330,0.8,0.9,0.0008495575221238938
379,330,0.8,1.0,0.000943025540275049
380,330,0.9,0.1,0.00010693069306930696
381,330,0.9,0.2,0.00021364985163204752
382,330,0.9,0.30000000000000004,0.00032015810276679856
383,330,0.9,0.4,0.0004264560710760119
384,330,0.9,0.5,0.0005325443786982249
385,330,0.9,0.6,0.0006384236453201972
386,330,0.9,0.7000000000000001,0.0007440944881889766
387,330,0.9,0.8,0.000849557522123894
388,330,0.9,0.9,0.0009548133595284874
389,330,0.9,1.0,0.0010598626104023554
390,330,1.0,0.1,0.00011869436201780416
391,330,1.0,0.2,0.00023715415019762842
392,330,1.0,0.30000000000000004,0.0003553800592300099
393,330,1.0,0.4,0.0004733727810650887
394,330,1.0,0.5,0.0005911330049261083
395,330,1.0,0.6,0.0007086614173228346
396,330,1.0,0.7000000000000001,0.0008259587020648969
397,330,1.0,0.8,0.000943025540275049
398,330,1.0,0.9,0.0010598626104023554
399,330,1.0,1.0,0.001176470588235294
400,340,0.1,0.1,1.197604790419162e-05
401,340,0.1,0.2,2.392821535393819e-05
402,340,0.1,0.30000000000000004,3.5856573705179294e-05
403,340,0.1,0.4,4.776119402985075e-05
404,340,0.1,0.5,5.964214711729623e-05
405,340,0.1,0.6,7.149950347567031e-05
406,340,0.1,0.7000000000000001,8.333333333333334e-05
407,340,0.1,0.8,9.514370664023787e-05
408,340,0.1,0.9,0.00010693069306930695
409,340,0.1,1.0,0.00011869436201780416
410,340,0.2,0.1,2.392821535393819e-05
411,340,0.2,0.2,4.780876494023905e-05
412,340,0.2,0.30000000000000004,7.164179104477612e-05
413,340,0.2,0.4,9.542743538767396e-05
414,340,0.2,0.5,0.00011916583912611719
415,340,0.2,0.6,0.00014285714285714284
416,340,0.2,0.7000000000000001,0.00016650148662041627
417,340,0.2,0.8,0.0001900990099009901
418,340,0.2,0.9,0.0002136498516320475
419,340,0.2,1.0,0.00023715415019762842
420,340,0.30000000000000004,0.1,3.5856573705179294e-05
421,340,0.30000000000000004,0.2,7.164179104477612e-05
422,340,0.30000000000000004,0.30000000000000004,0.00010735586481113325
423,340,0.30000000000000004,0.4,0.00014299900695134064
424,340,0.30000000000000004,0.5,0.00017857142857142863
425,340,0.30000000000000004,0.6,0.00021407333994053523
426,340,0.30000000000000004,0.7000000000000001,0.0002495049504950496
427,340,0.30000000000000004,0.8,0.00028486646884273
428,340,0.30000000000000004,0.9,0.0003201581027667985
429,340,0.30000000000000004,1.0,0.0003553800592300099
430,340,0.4,0.1,4.776119402985075e-05
431,340,0.4,0.2,9.542743538767396e-05
432,340,0.4,0.30000000000000004,0.00014299900695134064
433,340,0.4,0.4,0.00019047619047619048
434,340,0.4,0.5,0.00023785926660059464
435,340,0.4,0.6,0.0002851485148514851
436,340,0.4,0.7000000000000001,0.00033234421364985165
437,340,0.4,0.8,0.0003794466403162055
438,340,0.4,0.9,0.00042645607107601185
439,340,0.4,1.0,0.0004733727810650887
440,340,0.5,0.1,5.964214711729623e-05
441,340,0.5,0.2,0.00011916583912611719
442,340,0.5,0.30000000000000004,0.00017857142857142863
443,340,0.5,0.4,0.00023785926660059464
444,340,0.5,0.5,0.0002970297029702971
445,340,0.5,0.6,0.0003560830860534125
446,340,0.5,0.7000000000000001,0.0004150197628458499
447,340,0.5,0.8,0.0004738400789733465
448,340,0.5,0.9,0.0005325443786982249
449,340,0.5,1.0,0.0005911330049261083
450,340,0.6,0.1,7.149950347567032e-05
451,340,0.6,0.2,0.00014285714285714287
452,340,0.6,0.30000000000000004,0.00021407333994053523
453,340,0.6,0.4,0.00028514851485148516
454,340,0.6,0.5,0.0003560830860534125
455,340,0.6,0.6,0.00042687747035573113
456,340,0.6,0.7000000000000001,0.0004975320829220138
457,340,0.6,0.8,0.0005680473372781065
458,340,0.6,0.9,0.0006384236453201971
459,340,0.6,1.0,0.0007086614173228346
460,340,0.7000000000000001,0.1,8.333333333333336e-05
461,340,0.7000000000000001,0.2,0.0001665014866204163
462,340,0.7000000000000001,0.30000000000000004,0.0002495049504950496
463,340,0.7000000000000001,0.4,0.0003323442136498517
464,340,0.7000000000000001,0.5,0.0004150197628458499
465,340,0.7000000000000001,0.6,0.0004975320829220138
466,340,0.7000000000000001,0.7000000000000001,0.000579881656804734
467,340,0.7000000000000001,0.8,0.0006620689655172415
468,340,0.7000000000000001,0.9,0.0007440944881889766
469,340,0.7000000000000001,1.0,0.0008259587020648969
470,340,0.8,0.1,9.514370664023787e-05
471,340,0.8,0.2,0.0001900990099009901
472,340,0.8,0.30000000000000004,0.00028486646884273
473,340,0.8,0.4,0.0003794466403162055
474,340,0.8,0.5,0.0004738400789733465
475,340,0.8,0.6,0.0005680473372781064
476,340,0.8,0.7000000000000001,0.0006620689655172414
477,340,0.8,0.8,0.0007559055118110237
478,340,0.8,0.9,0.0008495575221238938
479,340,0.8,1.0,0.000943025540275049
480,340,0.9,0.1,0.00010693069306930696
481,340,0.9,0.2,0.00021364985163204752
482,340,0.9,0.30000000000000004,0.00032015810276679856
483,340,0.9,0.4,0.0004264560710760119
484,340,0.9,0.5,0.0005325443786982249
485,340,0.9,0.6,0.0006384236453201972
486,340,0.9,0.7000000000000001,0.0007440944881889766
487,340,0.9,0.8,0.000849557522123894
488,340,0.9,0.9,0.0009548133595284874
489,340,0.9,1.0,0.0010598626104023554
490,340,1.0,0.1,0.00011869436201780416
491,340,1.0,0.2,0.00023715415019762842
492,340,1.0,0.30000000000000004,0.0003553800592300099
493,340,1.0,0.4,0.0004733727810650887
494,340,1.0,0.5,0.0005911330049261083
495,340,1.0,0.6,0.0007086614173228346
496,340,1.0,0.7000000000000001,0.0008259587020648969
497,340,1.0,0.8,0.000943025540275049
498,340,1.0,0.9,0.0010598626104023554
499,340,1.0,1.0,0.001176470588235294
500,350,0.1,0.1,1.197604790419162e-05
501,350,0.1,0.2,2.392821535393819e-05
502,350,0.1,0.30000000000000004,3.5856573705179294e-05
503,350,0.1,0.4,4.776119402985075e-05
504,350,0.1,0.5,5.964214711729623e-05
505,350,0.1,0.6,7.149950347567031e-05
506,350,0.1,0.7000000000000001,8.333333333333334e-05
507,350,0.1,0.8,9.514370664023787e-05
508,350,0.1,0.9,0.00010693069306930695
509,350,0.1,1.0,0.00011869436201780416
510,350,0.2,0.1,2.392821535393819e-05
511,350,0.2,0.2,4.780876494023905e-05
512,350,0.2,0.30000000000000004,7.164179104477612e-05
513,350,0.2,0.4,9.542743538767396e-05
514,350,0.2,0.5,0.00011916583912611719
515,350,0.2,0.6,0.00014285714285714284
516,350,0.2,0.7000000000000001,0.00016650148662041627
517,350,0.2,0.8,0.0001900990099009901
518,350,0.2,0.9,0.0002136498516320475
519,350,0.2,1.0,0.00023715415019762842
520,350,0.30000000000000004,0.1,3.5856573705179294e-05
521,350,0.30000000000000004,0.2,7.164179104477612e-05
522,350,0.30000000000000004,0.30000000000000004,0.00010735586481113325
523,350,0.30000000000000004,0.4,0.00014299900695134064
524,350,0.30000000000000004,0.5,0.00017857142857142863
525,350,0.30000000000000004,0.6,0.00021407333994053523
526,350,0.30000000000000004,0.7000000000000001,0.0002495049504950496
527,350,0.30000000000000004,0.8,0.00028486646884273
528,350,0.30000000000000004,0.9,0.0003201581027667985
529,350,0.30000000000000004,1.0,0.0003553800592300099
530,350,0.4,0.1,4.776119402985075e-05
531,350,0.4,0.2,9.542743538767396e-05
532,350,0.4,0.30000000000000004,0.00014299900695134064
533,350,0.4,0.4,0.00019047619047619048
534,350,0.4,0.5,0.00023785926660059464
535,350,0.4,0.6,0.0002851485148514851
536,350,0.4,0.7000000000000001,0.00033234421364985165
537,350,0.4,0.8,0.0003794466403162055
538,350,0.4,0.9,0.00042645607107601185
539,350,0.4,1.0,0.0004733727810650887
540,350,0.5,0.1,5.964214711729623e-05
541,350,0.5,0.2,0.00011916583912611719
542,350,0.5,0.30000000000000004,0.00017857142857142863
543,350,0.5,0.4,0.00023785926660059464
544,350,0.5,0.5,0.0002970297029702971
545,350,0.5,0.6,0.0003560830860534125
546,350,0.5,0.7000000000000001,0.0004150197628458499
547,350,0.5,0.8,0.0004738400789733465
548,350,0.5,0.9,0.0005325443786982249
549,350,0.5,1.0,0.0005911330049261083
550,350,0.6,0.1,7.149950347567032e-05
551,350,0.6,0.2,0.00014285714285714287
552,350,0.6,0.30000000000000004,0.00021407333994053523
553,350,0.6,0.4,0.00028514851485148516
554,350,0.6,0.5,0.0003560830860534125
555,350,0.6,0.6,0.00042687747035573113
556,350,0.6,0.7000000000000001,0.0004975320829220138
557,350,0.6,0.8,0.0005680473372781065
558,350,0.6,0.9,0.0006384236453201971
559,350,0.6,1.0,0.0007086614173228346
560,350,0.7000000000000001,0.1,8.333333333333336e-05
561,350,0.7000000000000001,0.2,0.0001665014866204163
562,350,0.7000000000000001,0.30000000000000004,0.0002495049504950496
563,350,0.7000000000000001,0.4,0.0003323442136498517
564,350,0.7000000000000001,0.5,0.0004150197628458499
565,350,0.7000000000000001,0.6,0.0004975320829220138
566,350,0.7000000000000001,0.7000000000000001,0.000579881656804734
567,350,0.7000000000000001,0.8,0.0006620689655172415
568,350,0.7000000000000001,0.9,0.0007440944881889766
569,350,0.7000000000000001,1.0,0.0008259587020648969
570,350,0.8,0.1,9.514370664023787e-05
571,350,0.8,0.2,0.0001900990099009901
572,350,0.8,0.30000000000000004,0.00028486646884273
573,350,0.8,0.4,0.0003794466403162055
574,350,0.8,0.5,0.0004738400789733465
575,350,0.8,0.6,0.0005680473372781064
576,350,0.8,0.7000000000000001,0.0006620689655172414
577,350,0.8,0.8,0.0007559055118110237
578,350,0.8,0.9,0.0008495575221238938
579,350,0.8,1.0,0.000943025540275049
580,350,0.9,0.1,0.00010693069306930696
581,350,0.9,0.2,0.00021364985163204752
582,350,0.9,0.30000000000000004,0.00032015810276679856
583,350,0.9,0.4,0.0004264560710760119
584,350,0.9,0.5,0.0005325443786982249
585,350,0.9,0.6,0.0006384236453201972
586,350,0.9,0.7000000000000001,0.0007440944881889766
587,350,0.9,0.8,0.000849557522123894
588,350,0.9,0.9,0.0009548133595284874
589,350,0.9,1.0,0.0010598626104023554
590,350,1.0,0.1,0.00011869436201780416
591,350,1.0,0.2,0.00023715415019762842
592,350,1.0,0.30000000000000004,0.0003553800592300099
593,350,1.0,0.4,0.0004733727810650887
594,350,1.0,0.5,0.0005911330049261083
595,350,1.0,0.6,0.0007086614173228346
596,350,1.0,0.7000000000000001,0.0008259587020648969
597,350,1.0,0.8,0.000943025540275049
598,350,1.0,0.9,0.0010598626104023554
599,350,1.0,1.0,0.001176470588235294
600,360,0.1,0.1,1.197604790419162e-05
601,360,0.1,0.2,2.392821535393819e-05
602,360,0.1,0.30000000000000004,3.5856573705179294e-05
603,360,0.1,0.4,4.776119402985075e-05
604,360,0.1,0.5,5.964214711729623e-05
605,360,0.1,0.6,7.149950347567031e-05
606,360,0.1,0.7000000000000001,8.333333333333334e-05
607,360,0.1,0.8,9.514370664023787e-05
608,360,0.1,0.9,0.00010693069306930695
609,360,0.1,1.0,0.00011869436201780416
610,360,0.2,0.1,2.392821535393819e-05
611,360,0.2,0.2,4.780876494023905e-05
612,360,0.2,0.30000000000000004,7.164179104477612e-05
613,360,0.2,0.4,9.542743538767396e-05
614,360,0.2,0.5,0.00011916583912611719
615,360,0.2,0.6,0.00014285714285714284
616,360,0.2,0.7000000000000001,0.00016650148662041627
617,360,0.2,0.8,0.0001900990099009901
618,360,0.2,0.9,0.0002136498516320475
619,360,0.2,1.0,0.00023715415019762842
620,360,0.30000000000000004,0.1,3.5856573705179294e-05
621,360,0.30000000000000004,0.2,7.164179104477612e-05
622,360,0.30000000000000004,0.30000000000000004,0.00010735586481113325
623,360,0.30000000000000004,0.4,0.00014299900695134064
624,360,0.30000000000000004,0.5,0.00017857142857142863
625,360,0.30000000000000004,0.6,0.00021407333994053523
626,360,0.30000000000000004,0.7000000000000001,0.0002495049504950496
627,360,0.30000000000000004,0.8,0.00028486646884273
628,360,0.30000000000000004,0.9,0.0003201581027667985
629,360,0.30000000000000004,1.0,0.0003553800592300099
630,360,0.4,0.1,4.776119402985075e-05
631,360,0.4,0.2,9.542743538767396e-05
632,360,0.4,0.30000000000000004,0.00014299900695134064
633,360,0.4,0.4,0.00019047619047619048
634,360,0.4,0.5,0.00023785926660059464
635,360,0.4,0.6,0.0002851485148514851
636,360,0.4,0.7000000000000001,0.00033234421364985165
637,360,0.4,0.8,0.0003794466403162055
638,360,0.4,0.9,0.00042645607107601185
639,360,0.4,1.0,0.0004733727810650887
640,360,0.5,0.1,5.964214711729623e-05
641,360,0.5,0.2,0.00011916583912611719
642,360,0.5,0.30000000000000004,0.00017857142857142863
643,360,0.5,0.4,0.00023785926660059464
644,360,0.5,0.5,0.0002970297029702971
645,360,0.5,0.6,0.0003560830860534125
646,360,0.5,0.7000000000000001,0.0004150197628458499
647,360,0.5,0.8,0.0004738400789733465
648,360,0.5,0.9,0.0005325443786982249
649,360,0.5,1.0,0.0005911330049261083
650,360,0.6,0.1,7.149950347567032e-05
651,360,0.6,0.2,0.00014285714285714287
652,360,0.6,0.30000000000000004,0.00021407333994053523
653,360,0.6,0.4,0.00028514851485148516
654,360,0.6,0.5,0.0003560830860534125
655,360,0.6,0.6,0.00042687747035573113
656,360,0.6,0.7000000000000001,0.0004975320829220138
657,360,0.6,0.8,0.0005680473372781065
658,360,0.6,0.9,0.0006384236453201971
659,360,0.6,1.0,0.0007086614173228346
660,360,0.7000000000000001,0.1,8.333333333333336e-05
661,360,0.7000000000000001,0.2,0.0001665014866204163
662,360,0.7000000000000001,0.30000000000000004,0.0002495049504950496
663,360,0.7000000000000001,0.4,0.0003323442136498517
664,360,0.7000000000000001,0.5,0.0004150197628458499
665,360,0.7000000000000001,0.6,0.0004975320829220138
666,360,0.7000000000000001,0.7000000000000001,0.000579881656804734
667,360,0.7000000000000001,0.8,0.0006620689655172415
668,360,0.7000000000000001,0.9,0.0007440944881889766
669,360,0.7000000000000001,1.0,0.0008259587020648969
670,360,0.8,0.1,9.514370664023787e-05
671,360,0.8,0.2,0.0001900990099009901
672,360,0.8,0.30000000000000004,0.00028486646884273
673,360,0.8,0.4,0.0003794466403162055
674,360,0.8,0.5,0.0004738400789733465
675,360,0.8,0.6,0.0005680473372781064
676,360,0.8,0.7000000000000001,0.0006620689655172414
677,360,0.8,0.8,0.0007559055118110237
678,360,0.8,0.9,0.0008495575221238938
679,360,0.8,1.0,0.000943025540275049
680,360,0.9,0.1,0.00010693069306930696
681,360,0.9,0.2,0.00021364985163204752
682,360,0.9,0.30000000000000004,0.00032015810276679856
683,360,0.9,0.4,0.0004264560710760119
684,360,0.9,0.5,0.0005325443786982249
685,360,0.9,0.6,0.0006384236453201972
686,360,0.9,0.7000000000000001,0.0007440944881889766
687,360,0.9,0.8,0.000849557522123894
688,360,0.9,0.9,0.0009548133595284874
689,360,0.9,1.0,0.0010598626104023554
690,360,1.0,0.1,0.00011869436201780416
691,360,1.0,0.2,0.00023715415019762842
692,360,1.0,0.30000000000000004,0.0003553800592300099
693,360,1.0,0.4,0.0004733727810650887
694,360,1.0,0.5,0.0005911330049261083
695,360,1.0,0.6,0.0007086614173228346
696,360,1.0,0.7000000000000001,0.0008259587020648969
697,360,1.0,0.8,0.000943025540275049
698,360,1.0,0.9,0.0010598626104023554
699,360,1.0,1.0,0.001176470588235294
700,370,0.1,0.1,1.197604790419162e-05
701,370,0.1,0.2,2.392821535393819e-05
702,370,0.1,0.30000000000000004,3.5856573705179294e-05
703,370,0.1,0.4,4.776119402985075e-05
704,370,0.1,0.5,5.964214711729623e-05
705,370,0.1,0.6,7.149950347567031e-05
706,370,0.1,0.7000000000000001,8.333333333333334e-05
707,370,0.1,0.8,9.514370664023787e-05
708,370,0.1,0.9,0.00010693069306930695
709,370,0.1,1.0,0.00011869436201780416
710,370,0.2,0.1,2.392821535393819e-05
711,370,0.2,0.2,4.780876494023905e-05
712,370,0.2,0.30000000000000004,7.164179104477612e-05
713,370,0.2,0.4,9.542743538767396e-05
714,370,0.2,0.5,0.00011916583912611719
715,370,0.2,0.6,0.00014285714285714284
716,370,0.2,0.7000000000000001,0.00016650148662041627
717,370,0.2,0.8,0.0001900990099009901
718,370,0.2,0.9,0.0002136498516320475
719,370,0.2,1.0,0.00023715415019762842
720,370,0.30000000000000004,0.1,3.5856573705179294e-05
721,370,0.30000000000000004,0.2,7.164179104477612e-05
722,370,0.30000000000000004,0.30000000000000004,0.00010735586481113325
723,370,0.30000000000000004,0.4,0.00014299900695134064
724,370,0.30000000000000004,0.5,0.00017857142857142863
725,370,0.30000000000000004,0.6,0.00021407333994053523
726,370,0.30000000000000004,0.7000000000000001,0.0002495049504950496
727,370,0.30000000000000004,0.8,0.00028486646884273
728,370,0.30000000000000004,0.9,0.0003201581027667985
729,370,0.30000000000000004,1.0,0.0003553800592300099
730,370,0.4,0.1,4.776119402985075e-05
731,370,0.4,0.2,9.542743538767396e-05
732,370,0.4,0.30000000000000004,0.00014299900695134064
733,370,0.4,0.4,0.00019047619047619048
734,370,0.4,0.5,0.00023785926660059464
735,370,0.4,0.6,0.0002851485148514851
736,370,0.4,0.7000000000000001,0.00033234421364985165
737,370,0.4,0.8,0.0003794466403162055
738,370,0.4,0.9,0.00042645607107601185
739,370,0.4,1.0,0.0004733727810650887
740,370,0.5,0.1,5.964214711729623e-05
741,370,0.5,0.2,0.00011916583912611719
742,370,0.5,0.30000000000000004,0.00017857142857142863
743,370,0.5,0.4,0.00023785926660059464
744,370,0.5,0.5,0.0002970297029702971
745,370,0.5,0.6,0.0003560830860534125
746,370,0.5,0.7000000000000001,0.0004150197628458499
747,370,0.5,0.8,0.0004738400789733465
748,370,0.5,0.9,0.0005325443786982249
749,370,0.5,1.0,0.0005911330049261083
750,370,0.6,0.1,7.149950347567032e-05
751,370,0.6,0.2,0.00014285714285714287
752,370,0.6,0.30000000000000004,0.00021407333994053523
753,370,0.6,0.4,0.00028514851485148516
754,370,0.6,0.5,0.0003560830860534125
755,370,0.6,0.6,0.00042687747035573113
756,370,0.6,0.7000000000000001,0.0004975320829220138
757,370,0.6,0.8,0.0005680473372781065
758,370,0.6,0.9,0.0006384236453201971
759,370,0.6,1.0,0.0007086614173228346
760,370,0.7000000000000001,0.1,8.333333333333336e-05
761,370,0.7000000000000001,0.2,0.0001665014866204163
762,370,0.7000000000000001,0.30000000000000004,0.0002495049504950496
763,370,0.7000000000000001,0.4,0.0003323442136498517
764,370,0.7000000000000001,0.5,0.0004150197628458499
765,370,0.7000000000000001,0.6,0.0004975320829220138
766,370,0.7000000000000001,0.7000000000000001,0.000579881656804734
767,370,0.7000000000000001,0.8,0.0006620689655172415
768,370,0.7000000000000001,0.9,0.0007440944881889766
769,370,0.7000000000000001,1.0,0.0008259587020648969
770,370,0.8,0.1,9.514370664023787e-05
771,370,0.8,0.2,0.0001900990099009901
772,370,0.8,0.30000000000000004,0.00028486646884273
773,370,0.8,0.4,0.0003794466403162055
774,370,0.8,0.5,0.0004738400789733465
775,370,0.8,0.6,0.0005680473372781064
776,370,0.8,0.7000000000000001,0.0006620689655172414
777,370,0.8,0.8,0.0007559055118110237
778,370,0.8,0.9,0.0008495575221238938
779,370,0.8,1.0,0.000943025540275049
780,370,0.9,0.1,0.00010693069306930696
781,370,0.9,0.2,0.00021364985163204752
782,370,0.9,0.30000000000000004,0.00032015810276679856
783,370,0.9,0.4,0.0004264560710760119
784,370,0.9,0.5,0.0005325443786982249
785,370,0.9,0.6,0.0006384236453201972
786,370,0.9,0.7000000000000001,0.0007440944881889766
787,370,0.9,0.8,0.000849557522123894
788,370,0.9,0.9,0.0009548133595284874
789,370,0.9,1.0,0.0010598626104023554
790,370,1.0,0.1,0.00011869436201780416
791,370,1.0,0.2,0.00023715415019762842
792,370,1.0,0.30000000000000004,0.0003553800592300099
793,370,1.0,0.4,0.0004733727810650887
794,370,1.0,0.5,0.0005911330049261083
795,370,1.0,0.6,0.0007086614173228346
796,370,1.0,0.7000000000000001,0.0008259587020648969
797,370,1.0,0.8,0.000943025540275049
798,370,1.0,0.9,0.0010598626104023554
799,370,1.0,1.0,0.001176470588235294
800,380,0.1,0.1,1.197604790419162e-05
801,380,0.1,0.2,2.392821535393819e-05
802,380,0.1,0.30000000000000004,3.5856573705179294e-05
803,380,0.1,0.4,4.776119402985075e-05
804,380,0.1,0.5,5.964214711729623e-05
805,380,0.1,0.6,7.149950347567031e-05
806,380,0.1,0.7000000000000001,8.333333333333334e-05
807,380,0.1,0.8,9.514370664023787e-05
808,380,0.1,0.9,0.00010693069306930695
809,380,0.1,1.0,0.00011869436201780416
810,380,0.2,0.1,2.392821535393819e-05
811,380,0.2,0.2,4.780876494023905e-05
812,380,0.2,0.30000000000000004,7.164179104477612e-05
813,380,0.2,0.4,9.542743538767396e-05
814,380,0.2,0.5,0.00011916583912611719
815,380,0.2,0.6,0.00014285714285714284
816,380,0.2,0.7000000000000001,0.00016650148662041627
817,380,0.2,0.8,0.0001900990099009901
818,380,0.2,0.9,0.0002136498516320475
819,380,0.2,1.0,0.00023715415019762842
820,380,0.30000000000000004,0.1,3.5856573705179294e-05
821,380,0.30000000000000004,0.2,7.164179104477612e-05
822,380,0.30000000000000004,0.30000000000000004,0.00010735586481113325
823,380,0.30000000000000004,0.4,0.00014299900695134064
824,380,0.30000000000000004,0.5,0.00017857142857142863
825,380,0.30000000000000004,0.6,0.00021407333994053523
826,380,0.30000000000000004,0.7000000000000001,0.0002495049504950496
827,380,0.30000000000000004,0.8,0.00028486646884273
828,380,0.30000000000000004,0.9,0.0003201581027667985
829,380,0.30000000000000004,1.0,0.0003553800592300099
830,380,0.4,0.1,4.776119402985075e-05
831,380,0.4,0.2,9.542743538767396e-05
832,380,0.4,0.30000000000000004,0.00014299900695134064
833,380,0.4,0.4,0.00019047619047619048
834,380,0.4,0.5,0.00023785926660059464
835,380,0.4,0.6,0.0002851485148514851
836,380,0.4,0.7000000000000001,0.00033234421364985165
837,380,0.4,0.8,0.0003794466403162055
838,380,0.4,0.9,0.00042645607107601185
839,380,0.4,1.0,0.0004733727810650887
840,380,0.5,0.1,5.964214711729623e-05
841,380,0.5,0.2,0.00011916583912611719
842,380,0.5,0.30000000000000004,0.00017857142857142863
843,380,0.5,0.4,0.00023785926660059464
844,380,0.5,0.5,0.0002970297029702971
845,380,0.5,0.6,0.0003560830860534125
846,380,0.5,0.7000000000000001,0.0004150197628458499
847,380,0.5,0.8,0.0004738400789733465
848,380,0.5,0.9,0.0005325443786982249
849,380,0.5,1.0,0.0005911330049261083
850,380,0.6,0.1,7.149950347567032e-05
851,380,0.6,0.2,0.00014285714285714287
852,380,0.6,0.30000000000000004,0.00021407333994053523
853,380,0.6,0.4,0.00028514851485148516
854,380,0.6,0.5,0.0003560830860534125
855,380,0.6,0.6,0.00042687747035573113
856,380,0.6,0.7000000000000001,0.0004975320829220138
857,380,0.6,0.8,0.0005680473372781065
858,380,0.6,0.9,0.0006384236453201971
859,380,0.6,1.0,0.0007086614173228346
860,380,0.7000000000000001,0.1,8.333333333333336e-05
861,380,0.7000000000000001,0.2,0.0001665014866204163
862,380,0.7000000000000001,0.30000000000000004,0.0002495049504950496
863,380,0.7000000000000001,0.4,0.0003323442136498517
864,380,0.7000000000000001,0.5,0.0004150197628458499
865,380,0.7000000000000001,0.6,0.0004975320829220138
866,380,0.7000000000000001,0.7000000000000001,0.000579881656804734
867,380,0.7000000000000001,0.8,0.0006620689655172415
868,380,0.7000000000000001,0.9,0.0007440944881889766
869,380,0.7000000000000001,1.0,0.0008259587020648969
870,380,0.8,0.1,9.514370664023787e-05
871,380,0.8,0.2,0.0001900990099009901
872,380,0.8,0.30000000000000004,0.00028486646884273
873,380,0.8,0.4,0.0003794466403162055
874,380,0.8,0.5,0.0004738400789733465
875,380,0.8,0.6,0.0005680473372781064
876,380,0.8,0.7000000000000001,0.0006620689655172414
877,380,0.8,0.8,0.0007559055118110237
878,380,0.8,0.9,0.0008495575221238938
879,380,0.8,1.0,0.000943025540275049
880,380,0.9,0.1,0.00010693069306930696
881,380,0.9,0.2,0.00021364985163204752
882,380,0.9,0.30000000000000004,0.00032015810276679856
883,380,0.9,0.4,0.0004264560710760119
884,380,0.9,0.5,0.0005325443786982249
885,380,0.9,0.6,0.0006384236453201972
886,380,0.9,0.7000000000000001,0.0007440944881889766
887,380,0.9,0.8,0.000849557522123894
888,380,0.9,0.9,0.0009548133595284874
889,380,0.9,1.0,0.0010598626104023554
890,380,1.0,0.1,0.00011869436201780416
891,380,1.0,0.2,0.00023715415019762842
892,380,1.0,0.30000000000000004,0.0003553800592300099
893,380,1.0,0.4,0.0004733727810650887
894,380,1.0,0.5,0.0005911330049261083
895,380,1.0,0.6,0.0007086614173228346
896,380,1.0,0.7000000000000001,0.0008259587020648969
897,380,1.0,0.8,0.000943025540275049
898,380,1.0,0.9,0.0010598626104023554
899,380,1.0,1.0,0.001176470588235294
900,390,0.1,0.1,1.197604790419162e-05
901,390,0.1,0.2,2.392821535393819e-05
902,390,0.1,0.30000000000000004,3.5856573705179294e-05
903,390,0.1,0.4,4.776119402985075e-05
904,390,0.1,0.5,5.964214711729623e-05
905,390,0.1,0.6,7.149950347567031e-05
906,390,0.1,0.7000000000000001,8.333333333333334e-05
907,390,0.1,0.8,9.514370664023787e-05
908,390,0.1,0.9,0.00010693069306930695
909,390,0.1,1.0,0.00011869436201780416
910,390,0.2,0.1,2.392821535393819e-05
911,390,0.2,0.2,4.780876494023905e-05
912,390,0.2,0.30000000000000004,7.164179104477612e-05
913,390,0.2,0.4,9.542743538767396e-05
914,390,0.2,0.5,0.00011916583912611719
915,390,0.2,0.6,0.00014285714285714284
916,390,0.2,0.7000000000000001,0.00016650148662041627
917,390,0.2,0.8,0.0001900990099009901
918,390,0.2,0.9,0.0002136498516320475
919,390,0.2,1.0,0.00023715415019762842
920,390,0.30000000000000004,0.1,3.5856573705179294e-05
921,390,0.30000000000000004,0.2,7.164179104477612e-05
922,390,0.30000000000000004,0.30000000000000004,0.00010735586481113325
923,390,0.30000000000000004,0.4,0.00014299900695134064
924,390,0.30000000000000004,0.5,0.00017857142857142863
925,390,0.30000000000000004,0.6,0.00021407333994053523
926,390,0.30000000000000004,0.7000000000000001,0.0002495049504950496
927,390,0.30000000000000004,0.8,0.00028486646884273
928,390,0.30000000000000004,0.9,0.0003201581027667985
929,390,0.30000000000000004,1.0,0.0003553800592300099
930,390,0.4,0.1,4.776119402985075e-05
931,390,0.4,0.2,9.542743538767396e-05
932,390,0.4,0.30000000000000004,0.00014299900695134064
933,390,0.4,0.4,0.00019047619047619048
934,390,0.4,0.5,0.00023785926660059464
935,390,0.4,0.6,0.0002851485148514851
936,390,0.4,0.7000000000000001,0.00033234421364985165
937,390,0.4,0.8,0.0003794466403162055
938,390,0.4,0.9,0.00042645607107601185
939,390,0.4,1.0,0.0004733727810650887
940,390,0.5,0.1,5.964214711729623e-05
941,390,0.5,0.2,0.00011916583912611719
942,390,0.5,0.30000000000000004,0.00017857142857142863
943,390,0.5,0.4,0.00023785926660059464
944,390,0.5,0.5,0.0002970297029702971
945,390,0.5,0.6,0.0003560830860534125
946,390,0.5,0.7000000000000001,0.0004150197628458499
947,390,0.5,0.8,0.0004738400789733465
948,390,0.5,0.9,0.0005325443786982249
949,390,0.5,1.0,0.0005911330049261083
950,390,0.6,0.1,7.149950347567032e-05
951,390,0.6,0.2,0.00014285714285714287
952,390,0.6,0.30000000000000004,0.00021407333994053523
953,390,0.6,0.4,0.00028514851485148516
954,390,0.6,0.5,0.0003560830860534125
955,390,0.6,0.6,0.00042687747035573113
956,390,0.6,0.7000000000000001,0.0004975320829220138
957,390,0.6,0.8,0.0005680473372781065
958,390,0.6,0.9,0.0006384236453201971
959,390,0.6,1.0,0.0007086614173228346
960,390,0.7000000000000001,0.1,8.333333333333336e-05
961,390,0.7000000000000001,0.2,0.0001665014866204163
962,390,0.7000000000000001,0.30000000000000004,0.0002495049504950496
963,390,0.7000000000000001,0.4,0.0003323442136498517
964,390,0.7000000000000001,0.5,0.0004150197628458499
965,390,0.7000000000000001,0.6,0.0004975320829220138
966,390,0.7000000000000001,0.7000000000000001,0.000579881656804734
967,390,0.7000000000000001,0.8,0.0006620689655172415
968,390,0.7000000000000001,0.9,0.0007440944881889766
969,390,0.7000000000000001,1.0,0.0008259587020648969
970,390,0.8,0.1,9.514370664023787e-05
971,390,0.8,0.2,0.0001900990099009901
972,390,0.8,0.30000000000000004,0.00028486646884273
973,390,0.8,0.4,0.0003794466403162055
974,390,0.8,0.5,0.0004738400789733465
975,390,0.8,0.6,0.0005680473372781064
976,390,0.8,0.7000000000000001,0.0006620689655172414
977,390,0.8,0.8,0.0007559055118110237
978,390,0.8,0.9,0.0008495575221238938
979,390,0.8,1.0,0.000943025540275049
980,390,0.9,0.1,0.00010693069306930696
981,390,0.9,0.2,0.00021364985163204752
982,390,0.9,0.30000000000000004,0.00032015810276679856
983,390,0.9,0.4,0.0004264560710760119
984,390,0.9,0.5,0.0005325443786982249
985,390,0.9,0.6,0.0006384236453201972
986,390,0.9,0.7000000000000001,0.0007440944881889766
987,390,0.9,0.8,0.000849557522123894
988,390,0.9,0.9,0.0009548133595284874
989,390,0.9,1.0,0.0010598626104023554
990,390,1.0,0.1,0.00011869436201780416
991,390,1.0,0.2,0.00023715415019762842
992,390,1.0,0.30000000000000004,0.0003553800592300099
993,390,1.0,0.4,0.0004733727810650887
994,390,1.0,0.5,0.0005911330049261083
995,390,1.0,0.6,0.0007086614173228346
996,390,1.0,0.7000000000000001,0.0008259587020648969
997,390,1.0,0.8,0.000943025540275049
998,390,1.0,0.9,0.0010598626104023554
999,390,1.0,1.0,0.001176470588235294
1000,400,0.1,0.1,1.197604790419162e-05
1001,400,0.1,0.2,2.392821535393819e-05
1002,400,0.1,0.30000000000000004,3.5856573705179294e-05
1003,400,0.1,0.4,4.776119402985075e-05
1004,400,0.1,0.5,5.964214711729623e-05
1005,400,0.1,0.6,7.149950347567031e-05
1006,400,0.1,0.7000000000000001,8.333333333333334e-05
1007,400,0.1,0.8,9.514370664023787e-05
1008,400,0.1,0.9,0.00010693069306930695
1009,400,0.1,1.0,0.00011869436201780416
1010,400,0.2,0.1,2.392821535393819e-05
1011,400,0.2,0.2,4.780876494023905e-05
1012,400,0.2,0.30000000000000004,7.164179104477612e-05
1013,400,0.2,0.4,9.542743538767396e-05
1014,400,0.2,0.5,0.00011916583912611719
1015,400,0.2,0.6,0.00014285714285714284
1016,400,0.2,0.7000000000000001,0.00016650148662041627
1017,400,0.2,0.8,0.0001900990099009901
1018,400,0.2,0.9,0.0002136498516320475
1019,400,0.2,1.0,0.00023715415019762842
1020,400,0.30000000000000004,0.1,3.5856573705179294e-05
1021,400,0.30000000000000004,0.2,7.164179104477612e-05
1022,400,0.30000000000000004,0.30000000000000004,0.00010735586481113325
1023,400,0.30000000000000004,0.4,0.00014299900695134064
1024,400,0.30000000000000004,0.5,0.00017857142857142863
1025,400,0.30000000000000004,0.6,0.00021407333994053523
1026,400,0.30000000000000004,0.7000000000000001,0.0002495049504950496
1027,400,0.30000000000000004,0.8,0.00028486646884273
1028,400,0.30000000000000004,0.9,0.0003201581027667985
1029,400,0.30000000000000004,1.0,0.0003553800592300099
1030,400,0.4,0.1,4.776119402985075e-05
1031,400,0.4,0.2,9.542743538767396e-05
1032,400,0.4,0.30000000000000004,0.00014299900695134064
1033,400,0.4,0.4,0.00019047619047619048
1034,400,0.4,0.5,0.00023785926660059464
1035,400,0.4,0.6,0.0002851485148514851
1036,400,0.4,0.7000000000000001,0.00033234421364985165
1037,400,0.4,0.8,0.0003794466403162055
1038,400,0.4,0.9,0.00042645607107601185
1039,400,0.4,1.0,0.0004733727810650887
1040,400,0.5,0.1,5.964214711729623e-05
1041,400,0.5,0.2,0.00011916583912611719
1042,400,0.5,0.30000000000000004,0.00017857142857142863
1043,400,0.5,0.4,0.00023785926660059464
1044,400,0.5,0.5,0.0002970297029702971
1045,400,0.5,0.6,0.0003560830860534125
1046,400,0.5,0.7000000000000001,0.0004150197628458499
1047,400,0.5,0.8,0.0004738400789733465
1048,400,0.5,0.9,0.0005325443786982249
1049,400,0.5,1.0,0.0005911330049261083
1050,400,0.6,0.1,7.149950347567032e-05
1051,400,0.6,0.2,0.00014285714285714287
1052,400,0.6,0.30000000000000004,0.00021407333994053523
1053,400,0.6,0.4,0.00028514851485148516
1054,400,0.6,0.5,0.0003560830860534125
1055,400,0.6,0.6,0.00042687747035573113
1056,400,0.6,0.7000000000000001,0.0004975320829220138
1057,400,0.6,0.8,0.0005680473372781065
1058,400,0.6,0.9,0.0006384236453201971
1059,400,0.6,1.0,0.0007086614173228346
1060,400,0.7000000000000001,0.1,8.333333333333336e-05
1061,400,0.7000000000000001,0.2,0.0001665014866204163
1062,400,0.7000000000000001,0.30000000000000004,0.0002495049504950496
1063,400,0.7000000000000001,0.4,0.0003323442136498517
1064,400,0.7000000000000001,0.5,0.0004150197628458499
1065,400,0.7000000000000001,0.6,0.0004975320829220138
1066,400,0.7000000000000001,0.7000000000000001,0.000579881656804734
1067,400,0.7000000000000001,0.8,0.0006620689655172415
1068,400,0.7000000000000001,0.9,0.0007440944881889766
1069,400,0.7000000000000001,1.0,0.0008259587020648969
1070,400,0.8,0.1,9.514370664023787e-05
1071,400,0.8,0.2,0.0001900990099009901
1072,400,0.8,0.30000000000000004,0.00028486646884273
1073,400,0.8,0.4,0.0003794466403162055
1074,400,0.8,0.5,0.0004738400789733465
1075,400,0.8,0.6,0.0005680473372781064
1076,400,0.8,0.7000000000000001,0.0006620689655172414
1077,400,0.8,0.8,0.0007559055118110237
1078,400,0.8,0.9,0.0008495575221238938
1079,400,0.8,1.0,0.000943025540275049
1080,400,0.9,0.1,0.00010693069306930696
1081,400,0.9,0.2,0.00021364985163204752
1082,400,0.9,0.30000000000000004,0.00032015810276679856
1083,400,0.9,0.4,0.0004264560710760119
1084,400,0.9,0.5,0.0005325443786982249
1085,400,0.9,0.6,0.0006384236453201972
1086,400,0.9,0.7000000000000001,0.0007440944881889766
1087,400,0.9,0.8,0.000849557522123894
1088,400,0.9,0.9,0.0009548133595284874
1089,400,0.9,1.0,0.0010598626104023554
1090,400,1.0,0.1,0.00011869436201780416
1091,400,1.0,0.2,0.00023715415019762842
1092,400,1.0,0.30000000000000004,0.0003553800592300099
1093,400,1.0,0.4,0.0004733727810650887
1094,400,1.0,0.5,0.0005911330049261083
1095,400,1.0,0.6,0.0007086614173228346
1096,400,1.0,0.7000000000000001,0.0008259587020648969
1097,400,1.0,0.8,0.000943025540275049
1098,400,1.0,0.9,0.0010598626104023554
1099,400,1.0,1.0,0.001176470588235294
1100,410,0.1,0.1,1.197604790419162e-05
1101,410,0.1,0.2,2.392821535393819e-05
1102,410,0.1,0.30000000000000004,3.5856573705179294e-05
1103,410,0.1,0.4,4.776119402985075e-05
1104,410,0.1,0.5,5.964214711729623e-05
1105,410,0.1,0.6,7.149950347567031e-05
1106,410,0.1,0.7000000000000001,8.333333333333334e-05
1107,410,0.1,0.8,9.514370664023787e-05
1108,410,0.1,0.9,0.00010693069306930695
1109,410,0.1,1.0,0.00011869436201780416
1110,410,0.2,0.1,2.392821535393819e-05
1111,410,0.2,0.2,4.780876494023905e-05
1112,410,0.2,0.30000000000000004,7.164179104477612e-05
1113,410,0.2,0.4,9.542743538767396e-05
1114,410,0.2,0.5,0.00011916583912611719
1115,410,0.2,0.6,0.00014285714285714284
1116,410,0.2,0.7000000000000001,0.00016650148662041627
1117,410,0.2,0.8,0.0001900990099009901
1118,410,0.2,0.9,0.0002136498516320475
1119,410,0.2,1.0,0.00023715415019762842
1120,410,0.30000000000000004,0.1,3.5856573705179294e-05
1121,410,0.30000000000000004,0.2,7.164179104477612e-05
1122,410,0.30000000000000004,0.30000000000000004,0.00010735586481113325
1123,410,0.30000000000000004,0.4,0.00014299900695134064
1124,410,0.30000000000000004,0.5,0.00017857142857142863
1125,410,0.30000000000000004,0.6,0.00021407333994053523
1126,410,0.30000000000000004,0.7000000000000001,0.0002495049504950496
1127,410,0.30000000000000004,0.8,0.00028486646884273
1128,410,0.30000000000000004,0.9,0.0003201581027667985
1129,410,0.30000000000000004,1.0,0.0003553800592300099
1130,410,0.4,0.1,4.776119402985075e-05
1131,410,0.4,0.2,9.542743538767396e-05
1132,410,0.4,0.30000000000000004,0.00014299900695134064
1133,410,0.4,0.4,0.00019047619047619048
1134,410,0.4,0.5,0.00023785926660059464
1135,410,0.4,0.6,0.0002851485148514851
1136,410,0.4,0.7000000000000001,0.00033234421364985165
1137,410,0.4,0.8,0.0003794466403162055
1138,410,0.4,0.9,0.00042645607107601185
1139,410,0.4,1.0,0.0004733727810650887
1140,410,0.5,0.1,5.964214711729623e-05
1141,410,0.5,0.2,0.00011916583912611719
1142,410,0.5,0.30000000000000004,0.00017857142857142863
1143,410,0.5,0.4,0.00023785926660059464
1144,410,0.5,0.5,0.0002970297029702971
1145,410,0.5,0.6,0.0003560830860534125
1146,410,0.5,0.7000000000000001,0.0004150197628458499
1147,410,0.5,0.8,0.0004738400789733465
1148,410,0.5,0.9,0.0005325443786982249
1149,410,0.5,1.0,0.0005911330049261083
1150,410,0.6,0.1,7.149950347567032e-05
1151,410,0.6,0.2,0.00014285714285714287
1152,410,0.6,0.30000000000000004,0.00021407333994053523
1153,410,0.6,0.4,0.00028514851485148516
1154,410,0.6,0.5,0.0003560830860534125
1155,410,0.6,0.6,0.00042687747035573113
1156,410,0.6,0.7000000000000001,0.0004975320829220138
1157,410,0.6,0.8,0.0005680473372781065
1158,410,0.6,0.9,0.0006384236453201971
1159,410,0.6,1.0,0.0007086614173228346
1160,410,0.7000000000000001,0.1,8.333333333333336e-05
1161,410,0.7000000000000001,0.2,0.0001665014866204163
1162,410,0.7000000000000001,0.30000000000000004,0.0002495049504950496
1163,410,0.7000000000000001,0.4,0.0003323442136498517
1164,410,0.7000000000000001,0.5,0.0004150197628458499
1165,410,0.7000000000000001,0.6,0.0004975320829220138
1166,410,0.7000000000000001,0.7000000000000001,0.000579881656804734
1167,410,0.7000000000000001,0.8,0.0006620689655172415
1168,410,0.7000000000000001,0.9,0.0007440944881889766
1169,410,0.7000000000000001,1.0,0.0008259587020648969
1170,410,0.8,0.1,9.514370664023787e-05
1171,410,0.8,0.2,0.0001900990099009901
1172,410,0.8,0.30000000000000004,0.00028486646884273
1173,410,0.8,0.4,0.0003794466403162055
1174,410,0.8,0.5,0.0004738400789733465
1175,410,0.8,0.6,0.0005680473372781064
1176,410,0.8,0.7000000000000001,0.0006620689655172414
1177,410,0.8,0.8,0.0007559055118110237
1178,410,0.8,0.9,0.0008495575221238938
1179,410,0.8,1.0,0.000943025540275049
1180,410,0.9,0.1,0.00010693069306930696
1181,410,0.9,0.2,0.00021364985163204752
1182,410,0.9,0.30000000000000004,0.00032015810276679856
1183,410,0.9,0.4,0.0004264560710760119
1184,410,0.9,0.5,0.0005325443786982249
1185,410,0.9,0.6,0.0006384236453201972
1186,410,0.9,0.7000000000000001,0.0007440944881889766
1187,410,0.9,0.8,0.000849557522123894
1188,410,0.9,0.9,0.0009548133595284874
1189,410,0.9,1.0,0.0010598626104023554
1190,410,1.0,0.1,0.00011869436201780416
1191,410,1.0,0.2,0.00023715415019762842
1192,410,1.0,0.30000000000000004,0.0003553800592300099
1193,410,1.0,0.4,0.0004733727810650887
1194,410,1.0,0.5,0.0005911330049261083
1195,410,1.0,0.6,0.0007086614173228346
1196,410,1.0,0.7000000000000001,0.0008259587020648969
1197,410,1.0,0.8,0.000943025540275049
1198,410,1.0,0.9,0.0010598626104023554
1199,410,1.0,1.0,0.001176470588235294
1200,420,0.1,0.1,1.197604790419162e-05
1201,420,0.1,0.2,2.392821535393819e-05
1202,420,0.1,0.30000000000000004,3.5856573705179294e-05
1203,420,0.1,0.4,4.776119402985075e-05
1204,420,0.1,0.5,5.964214711729623e-05
1205,420,0.1,0.6,7.149950347567031e-05
1206,420,0.1,0.7000000000000001,8.333333333333334e-05
1207,420,0.1,0.8,9.514370664023787e-05
1208,420,0.1,0.9,0.00010693069306930695
1209,420,0.1,1.0,0.00011869436201780416
1210,420,0.2,0.1,2.392821535393819e-05
1211,420,0.2,0.2,4.780876494023905e-05
1212,420,0.2,0.30000000000000004,7.164179104477612e-05
1213,420,0.2,0.4,9.542743538767396e-05
1214,420,0.2,0.5,0.00011916583912611719
1215,420,0.2,0.6,0.00014285714285714284
1216,420,0.2,0.7000000000000001,0.00016650148662041627
1217,420,0.2,0.8,0.0001900990099009901
1218,420,0.2,0.9,0.0002136498516320475
1219,420,0.2,1.0,0.00023715415019762842
1220,420,0.30000000000000004,0.1,3.5856573705179294e-05
1221,420,0.30000000000000004,0.2,7.164179104477612e-05
1222,420,0.30000000000000004,0.30000000000000004,0.00010735586481113325
1223,420,0.30000000000000004,0.4,0.00014299900695134064
1224,420,0.30000000000000004,0.5,0.00017857142857142863
1225,420,0.30000000000000004,0.6,0.00021407333994053523
1226,420,0.30000000000000004,0.7000000000000001,0.0002495049504950496
1227,420,0.30000000000000004,0.8,0.00028486646884273
1228,420,0.30000000000000004,0.9,0.0003201581027667985
1229,420,0.30000000000000004,1.0,0.0003553800592300099
1230,420,0.4,0.1,4.776119402985075e-05
1231,420,0.4,0.2,9.542743538767396e-05
1232,420,0.4,0.30000000000000004,0.00014299900695134064
1233,420,0.4,0.4,0.00019047619047619048
1234,420,0.4,0.5,0.00023785926660059464
1235,420,0.4,0.6,0.0002851485148514851
1236,420,0.4,0.7000000000000001,0.00033234421364985165
1237,420,0.4,0.8,0.0003794466403162055
1238,420,0.4,0.9,0.00042645607107601185
1239,420,0.4,1.0,0.0004733727810650887
1240,420,0.5,0.1,5.964214711729623e-05
1241,420,0.5,0.2,0.00011916583912611719
1242,420,0.5,0.30000000000000004,0.00017857142857142863
1243,420,0.5,0.4,0.00023785926660059464
1244,420,0.5,0.5,0.0002970297029702971
1245,420,0.5,0.6,0.0003560830860534125
1246,420,0.5,0.7000000000000001,0.0004150197628458499
1247,420,0.5,0.8,0.0004738400789733465
1248,420,0.5,0.9,0.0005325443786982249
1249,420,0.5,1.0,0.0005911330049261083
1250,420,0.6,0.1,7.149950347567032e-05
1251,420,0.6,0.2,0.00014285714285714287
1252,420,0.6,0.30000000000000004,0.00021407333994053523
1253,420,0.6,0.4,0.00028514851485148516
1254,420,0.6,0.5,0.0003560830860534125
1255,420,0.6,0.6,0.00042687747035573113
1256,420,0.6,0.7000000000000001,0.0004975320829220138
1257,420,0.6,0.8,0.0005680473372781065
1258,420,0.6,0.9,0.0006384236453201971
1259,420,0.6,1.0,0.0007086614173228346
1260,420,0.7000000000000001,0.1,8.333333333333336e-05
1261,420,0.7000000000000001,0.2,0.0001665014866204163
1262,420,0.7000000000000001,0.30000000000000004,0.0002495049504950496
1263,420,0.7000000000000001,0.4,0.0003323442136498517
1264,420,0.7000000000000001,0.5,0.0004150197628458499
1265,420,0.7000000000000001,0.6,0.0004975320829220138
1266,420,0.7000000000000001,0.7000000000000001,0.000579881656804734
1267,420,0.7000000000000001,0.8,0.0006620689655172415
1268,420,0.7000000000000001,0.9,0.0007440944881889766
1269,420,0.7000000000000001,1.0,0.0008259587020648969
1270,420,0.8,0.1,9.514370664023787e-05
1271,420,0.8,0.2,0.0001900990099009901
1272,420,0.8,0.30000000000000004,0.00028486646884273
1273,420,0.8,0.4,0.0003794466403162055
1274,420,0.8,0.5,0.0004738400789733465
1275,420,0.8,0.6,0.0005680473372781064
1276,420,0.8,0.7000000000000001,0.0006620689655172414
1277,420,0.8,0.8,0.0007559055118110237
1278,420,0.8,0.9,0.0008495575221238938
1279,420,0.8,1.0,0.000943025540275049
1280,420,0.9,0.1,0.00010693069306930696
1281,420,0.9,0.2,0.00021364985163204752
1282,420,0.9,0.30000000000000004,0.00032015810276679856
1283,420,0.9,0.4,0.0004264560710760119
1284,420,0.9,0.5,0.0005325443786982249
1285,420,0.9,0.6,0.0006384236453201972
1286,420,0.9,0.7000000000000001,0.0007440944881889766
1287,420,0.9,0.8,0.000849557522123894
1288,420,0.9,0.9,0.0009548133595284874
1289,420,0.9,1.0,0.0010598626104023554
1290,420,1.0,0.1,0.00011869436201780416
1291,420,1.0,0.2,0.00023715415019762842
1292,420,1.0,0.30000000000000004,0.0003553800592300099
1293,420,1.0,0.4,0.0004733727810650887
1294,420,1.0,0.5,0.0005911330049261083
1295,420,1.0,0.6,0.0007086614173228346
1296,420,1.0,0.7000000000000001,0.0008259587020648969
1297,420,1.0,0.8,0.000943025540275049
1298,420,1.0,0.9,0.0010598626104023554
1299,420,1.0,1.0,0.001176470588235294
1300,430,0.1,0.1,1.197604790419162e-05
1301,430,0.1,0.2,2.392821535393819e-05
1302,430,0.1,0.30000000000000004,3.5856573705179294e-05
1303,430,0.1,0.4,4.776119402985075e-05
1304,430,0.1,0.5,5.964214711729623e-05
1305,430,0.1,0.6,7.149950347567031e-05
1306,430,0.1,0.7000000000000001,8.333333333333334e-05
1307,430,0.1,0.8,9.514370664023787e-05
1308,430,0.1,0.9,0.00010693069306930695
1309,430,0.1,1.0,0.00011869436201780416
1310,430,0.2,0.1,2.392821535393819e-05
1311,430,0.2,0.2,4.780876494023905e-05
1312,430,0.2,0.30000000000000004,7.164179104477612e-05
1313,430,0.2,0.4,9.542743538767396e-05
1314,430,0.2,0.5,0.00011916583912611719
1315,430,0.2,0.6,0.00014285714285714284
1316,430,0.2,0.7000000000000001,0.00016650148662041627
1317,430,0.2,0.8,0.0001900990099009901
1318,430,0.2,0.9,0.0002136498516320475
1319,430,0.2,1.0,0.00023715415019762842
1320,430,0.30000000000000004,0.1,3.5856573705179294e-05
1321,430,0.30000000000000004,0.2,7.164179104477612e-05
1322,430,0.30000000000000004,0.30000000000000004,0.00010735586481113325
1323,430,0.30000000000000004,0.4,0.00014299900695134064
1324,430,0.30000000000000004,0.5,0.00017857142857142863
1325,430,0.30000000000000004,0.6,0.00021407333994053523
1326,430,0.30000000000000004,0.7000000000000001,0.0002495049504950496
1327,430,0.30000000000000004,0.8,0.00028486646884273
1328,430,0.30000000000000004,0.9,0.0003201581027667985
1329,430,0.30000000000000004,1.0,0.0003553800592300099
1330,430,0.4,0.1,4.776119402985075e-05
1331,430,0.4,0.2,9.542743538767396e-05
1332,430,0.4,0.30000000000000004,0.00014299900695134064
1333,430,0.4,0.4,0.00019047619047619048
1334,430,0.4,0.5,0.00023785926660059464
1335,430,0.4,0.6,0.0002851485148514851
1336,430,0.4,0.7000000000000001,0.00033234421364985165
1337,430,0.4,0.8,0.0003794466403162055
1338,430,0.4,0.9,0.00042645607107601185
1339,430,0.4,1.0,0.0004733727810650887
1340,430,0.5,0.1,5.964214711729623e-05
1341,430,0.5,0.2,0.00011916583912611719
1342,430,0.5,0.30000000000000004,0.00017857142857142863
1343,430,0.5,0.4,0.00023785926660059464
1344,430,0.5,0.5,0.0002970297029702971
1345,430,0.5,0.6,0.0003560830860534125
1346,430,0.5,0.7000000000000001,0.0004150197628458499
1347,430,0.5,0.8,0.0004738400789733465
1348,430,0.5,0.9,0.0005325443786982249
1349,430,0.5,1.0,0.0005911330049261083
1350,430,0.6,0.1,7.149950347567032e-05
1351,430,0.6,0.2,0.00014285714285714287
1352,430,0.6,0.30000000000000004,0.00021407333994053523
1353,430,0.6,0.4,0.00028514851485148516
1354,430,0.6,0.5,0.0003560830860534125
1355,430,0.6,0.6,0.00042687747035573113
1356,430,0.6,0.7000000000000001,0.0004975320829220138
1357,430,0.6,0.8,0.0005680473372781065
1358,430,0.6,0.9,0.0006384236453201971
1359,430,0.6,1.0,0.0007086614173228346
1360,430,0.7000000000000001,0.1,8.333333333333336e-05
1361,430,0.7000000000000001,0.2,0.0001665014866204163
1362,430,0.7000000000000001,0.30000000000000004,0.0002495049504950496
1363,430,0.7000000000000001,0.4,0.0003323442136498517
1364,430,0.7000000000000001,0.5,0.0004150197628458499
1365,430,0.7000000000000001,0.6,0.0004975320829220138
1366,430,0.7000000000000001,0.7000000000000001,0.000579881656804734
1367,430,0.7000000000000001,0.8,0.0006620689655172415
1368,430,0.7000000000000001,0.9,0.0007440944881889766
1369,430,0.7000000000000001,1.0,0.0008259587020648969
1370,430,0.8,0.1,9.514370664023787e-05
1371,430,0.8,0.2,0.0001900990099009901
1372,430,0.8,0.30000000000000004,0.00028486646884273
1373,430,0.8,0.4,0.0003794466403162055
1374,430,0.8,0.5,0.0004738400789733465
1375,430,0.8,0.6,0.0005680473372781064
1376,430,0.8,0.7000000000000001,0.0006620689655172414
1377,430,0.8,0.8,0.0007559055118110237
1378,430,0.8,0.9,0.0008495575221238938
1379,430,0.8,1.0,0.000943025540275049
1380,430,0.9,0.1,0.00010693069306930696
1381,430,0.9,0.2,0.00021364985163204752
1382,430,0.9,0.30000000000000004,0.00032015810276679856
1383,430,0.9,0.4,0.0004264560710760119
1384,430,0.9,0.5,0.0005325443786982249
1385,430,0.9,0.6,0.0006384236453201972
1386,430,0.9,0.7000000000000001,0.0007440944881889766
1387,430,0.9,0.8,0.000849557522123894
1388,430,0.9,0.9,0.0009548133595284874
1389,430,0.9,1.0,0.0010598626104023554
1390,430,1.0,0.1,0.00011869436201780416
1391,430,1.0,0.2,0.00023715415019762842
1392,430,1.0,0.30000000000000004,0.0003553800592300099
1393,430,1.0,0.4,0.0004733727810650887
1394,430,1.0,0.5,0.0005911330049261083
1395,430,1.0,0.6,0.0007086614173228346
1396,430,1.0,0.7000000000000001,0.0008259587020648969
1397,430,1.0,0.8,0.000943025540275049
1398,430,1.0,0.9,0.0010598626104023554
1399,430,1.0,1.0,0.001176470588235294
1400,440,0.1,0.1,1.197604790419162e-05
1401,440,0.1,0.2,2.392821535393819e-05
1402,440,0.1,0.30000000000000004,3.5856573705179294e-05
1403,440,0.1,0.4,4.776119402985075e-05
1404,440,0.1,0.5,5.964214711729623e-05
1405,440,0.1,0.6,7.149950347567031e-05
1406,440,0.1,0.7000000000000001,8.333333333333334e-05
1407,440,0.1,0.8,9.514370664023787e-05
1408,440,0.1,0.9,0.00010693069306930695
1409,440,0.1,1.0,0.00011869436201780416
1410,440,0.2,0.1,2.392821535393819e-05
1411,440,0.2,0.2,4.780876494023905e-05
1412,440,0.2,0.30000000000000004,7.164179104477612e-05
1413,440,0.2,0.4,9.542743538767396e-05
1414,440,0.2,0.5,0.00011916583912611719
1415,440,0.2,0.6,0.00014285714285714284
1416,440,0.2,0.7000000000000001,0.00016650148662041627
1417,440,0.2,0.8,0.0001900990099009901
1418,440,0.2,0.9,0.0002136498516320475
1419,440,0.2,1.0,0.00023715415019762842
1420,440,0.30000000000000004,0.1,3.5856573705179294e-05
1421,440,0.30000000000000004,0.2,7.164179104477612e-05
1422,440,0.30000000000000004,0.30000000000000004,0.00010735586481113325
1423,440,0.30000000000000004,0.4,0.00014299900695134064
1424,440,0.30000000000000004,0.5,0.00017857142857142863
1425,440,0.30000000000000004,0.6,0.00021407333994053523
1426,440,0.30000000000000004,0.7000000000000001,0.0002495049504950496
1427,440,0.30000000000000004,0.8,0.00028486646884273
1428,440,0.30000000000000004,0.9,0.0003201581027667985
1429,440,0.30000000000000004,1.0,0.0003553800592300099
1430,440,0.4,0.1,4.776119402985075e-05
1431,440,0.4,0.2,9.542743538767396e-05
1432,440,0.4,0.30000000000000004,0.00014299900695134064
1433,440,0.4,0.4,0.00019047619047619048
1434,440,0.4,0.5,0.00023785926660059464
1435,440,0.4,0.6,0.0002851485148514851
1436,440,0.4,0.7000000000000001,0.00033234421364985165
1437,440,0.4,0.8,0.0003794466403162055
1438,440,0.4,0.9,0.00042645607107601185
1439,440,0.4,1.0,0.0004733727810650887
1440,440,0.5,0.1,5.964214711729623e-05
1441,440,0.5,0.2,0.00011916583912611719
1442,440,0.5,0.30000000000000004,0.00017857142857142863
1443,440,0.5,0.4,0.00023785926660059464
1444,440,0.5,0.5,0.0002970297029702971
1445,440,0.5,0.6,0.0003560830860534125
1446,440,0.5,0.7000000000000001,0.0004150197628458499
1447,440,0.5,0.8,0.0004738400789733465
1448,440,0.5,0.9,0.0005325443786982249
1449,440,0.5,1.0,0.0005911330049261083
1450,440,0.6,0.1,7.149950347567032e-05
1451,440,0.6,0.2,0.00014285714285714287
1452,440,0.6,0.30000000000000004,0.00021407333994053523
1453,440,0.6,0.4,0.00028514851485148516
1454,440,0.6,0.5,0.0003560830860534125
1455,440,0.6,0.6,0.00042687747035573113
1456,440,0.6,0.7000000000000001,0.0004975320829220138
1457,440,0.6,0.8,0.0005680473372781065
1458,440,0.6,0.9,0.0006384236453201971
1459,440,0.6,1.0,0.0007086614173228346
1460,440,0.7000000000000001,0.1,8.333333333333336e-05
1461,440,0.7000000000000001,0.2,0.0001665014866204163
1462,440,0.7000000000000001,0.30000000000000004,0.0002495049504950496
1463,440,0.7000000000000001,0.4,0.0003323442136498517
1464,440,0.7000000000000001,0.5,0.0004150197628458499
1465,440,0.7000000000000001,0.6,0.0004975320829220138
1466,440,0.7000000000000001,0.7000000000000001,0.000579881656804734
1467,440,0.7000000000000001,0.8,0.0006620689655172415
1468,440,0.7000000000000001,0.9,0.0007440944881889766
1469,440,0.7000000000000001,1.0,0.0008259587020648969
1470,440,0.8,0.1,9.514370664023787e-05
1471,440,0.8,0.2,0.0001900990099009901
1472,440,0.8,0.30000000000000004,0.00028486646884273
1473,440,0.8,0.4,0.0003794466403162055
1474,440,0.8,0.5,0.0004738400789733465
1475,440,0.8,0.6,0.0005680473372781064
1476,440,0.8,0.7000000000000001,0.0006620689655172414
1477,440,0.8,0.8,0.0007559055118110237
1478,440,0.8,0.9,0.0008495575221238938
1479,440,0.8,1.0,0.000943025540275049
1480,440,0.9,0.1,0.00010693069306930696
1481,440,0.9,0.2,0.00021364985163204752
1482,440,0.9,0.30000000000000004,0.00032015810276679856
1483,440,0.9,0.4,0.0004264560710760119
1484,440,0.9,0.5,0.0005325443786982249
1485,440,0.9,0.6,0.0006384236453201972
1486,440,0.9,0.7000000000000001,0.0007440944881889766
1487,440,0.9,0.8,0.000849557522123894
1488,440,0.9,0.9,0.0009548133595284874
1489,440,0.9,1.0,0.0010598626104023554
1490,440,1.0,0.1,0.00011869436201780416
1491,440,1.0,0.2,0.00023715415019762842
1492,440,1.0,0.30000000000000004,0.0003553800592300099
1493,440,1.0,0.4,0.0004733727810650887
1494,440,1.0,0.5,0.0005911330049261083
1495,440,1.0,0.6,0.0007086614173228346
1496,440,1.0,0.7000000000000001,0.0008259587020648969
1497,440,1.0,0.8,0.000943025540275049
1498,440,1.0,0.9,0.0010598626104023554
1499,440,1.0,1.0,0.001176470588235294
1500,450,0.1,0.1,1.197604790419162e-05
1501,450,0.1,0.2,2.392821535393819e-05
1502,450,0.1,0.30000000000000004,3.5856573705179294e-05
1503,450,0.1,0.4,4.776119402985075e-05
1504,450,0.1,0.5,5.964214711729623e-05
1505,450,0.1,0.6,7.149950347567031e-05
1506,450,0.1,0.7000000000000001,8.333333333333334e-05
1507,450,0.1,0.8,9.514370664023787e-05
1508,450,0.1,0.9,0.00010693069306930695
1509,450,0.1,1.0,0.00011869436201780416
1510,450,0.2,0.1,2.392821535393819e-05
1511,450,0.2,0.2,4.780876494023905e-05
1512,450,0.2,0.30000000000000004,7.164179104477612e-05
1513,450,0.2,0.4,9.542743538767396e-05
1514,450,0.2,0.5,0.00011916583912611719
1515,450,0.2,0.6,0.00014285714285714284
1516,450,0.2,0.7000000000000001,0.00016650148662041627
1517,450,0.2,0.8,0.0001900990099009901
1518,450,0.2,0.9,0.0002136498516320475
1519,450,0.2,1.0,0.00023715415019762842
1520,450,0.30000000000000004,0.1,3.5856573705179294e-05
1521,450,0.30000000000000004,0.2,7.164179104477612e-05
1522,450,0.30000000000000004,0.30000000000000004,0.00010735586481113325
1523,450,0.30000000000000004,0.4,0.00014299900695134064
1524,450,0.30000000000000004,0.5,0.00017857142857142863
1525,450,0.30000000000000004,0.6,0.00021407333994053523
1526,450,0.30000000000000004,0.7000000000000001,0.0002495049504950496
1527,450,0.30000000000000004,0.8,0.00028486646884273
1528,450,0.30000000000000004,0.9,0.0003201581027667985
1529,450,0.30000000000000004,1.0,0.0003553800592300099
1530,450,0.4,0.1,4.776119402985075e-05
1531,450,0.4,0.2,9.542743538767396e-05
1532,450,0.4,0.30000000000000004,0.00014299900695134064
1533,450,0.4,0.4,0.00019047619047619048
1534,450,0.4,0.5,0.00023785926660059464
1535,450,0.4,0.6,0.0002851485148514851
1536,450,0.4,0.7000000000000001,0.00033234421364985165
1537,450,0.4,0.8,0.0003794466403162055
1538,450,0.4,0.9,0.00042645607107601185
1539,450,0.4,1.0,0.0004733727810650887
1540,450,0.5,0.1,5.964214711729623e-05
1541,450,0.5,0.2,0.00011916583912611719
1542,450,0.5,0.30000000000000004,0.00017857142857142863
1543,450,0.5,0.4,0.00023785926660059464
1544,450,0.5,0.5,0.0002970297029702971
1545,450,0.5,0.6,0.0003560830860534125
1546,450,0.5,0.7000000000000001,0.0004150197628458499
1547,450,0.5,0.8,0.0004738400789733465
1548,450,0.5,0.9,0.0005325443786982249
1549,450,0.5,1.0,0.0005911330049261083
1550,450,0.6,0.1,7.149950347567032e-05
1551,450,0.6,0.2,0.00014285714285714287
1552,450,0.6,0.30000000000000004,0.00021407333994053523
1553,450,0.6,0.4,0.00028514851485148516
1554,450,0.6,0.5,0.0003560830860534125
1555,450,0.6,0.6,0.00042687747035573113
1556,450,0.6,0.7000000000000001,0.0004975320829220138
1557,450,0.6,0.8,0.0005680473372781065
1558,450,0.6,0.9,0.0006384236453201971
1559,450,0.6,1.0,0.0007086614173228346
1560,450,0.7000000000000001,0.1,8.333333333333336e-05
1561,450,0.7000000000000001,0.2,0.0001665014866204163
1562,450,0.7000000000000001,0.30000000000000004,0.0002495049504950496
1563,450,0.7000000000000001,0.4,0.0003323442136498517
1564,450,0.7000000000000001,0.5,0.0004150197628458499
1565,450,0.7000000000000001,0.6,0.0004975320829220138
1566,450,0.7000000000000001,0.7000000000000001,0.000579881656804734
1567,450,0.7000000000000001,0.8,0.0006620689655172415
1568,450,0.7000000000000001,0.9,0.0007440944881889766
1569,450,0.7000000000000001,1.0,0.0008259587020648969
1570,450,0.8,0.1,9.514370664023787e-05
1571,450,0.8,0.2,0.0001900990099009901
1572,450,0.8,0.30000000000000004,0.00028486646884273
1573,450,0.8,0.4,0.0003794466403162055
1574,450,0.8,0.5,0.0004738400789733465
1575,450,0.8,0.6,0.0005680473372781064
1576,450,0.8,0.7000000000000001,0.0006620689655172414
1577,450,0.8,0.8,0.0007559055118110237
1578,450,0.8,0.9,0.0008495575221238938
1579,450,0.8,1.0,0.000943025540275049
1580,450,0.9,0.1,0.00010693069306930696
1581,450,0.9,0.2,0.00021364985163204752
1582,450,0.9,0.30000000000000004,0.00032015810276679856
1583,450,0.9,0.4,0.0004264560710760119
1584,450,0.9,0.5,0.0005325443786982249
1585,450,0.9,0.6,0.0006384236453201972
1586,450,0.9,0.7000000000000001,0.0007440944881889766
1587,450,0.9,0.8,0.000849557522123894
1588,450,0.9,0.9,0.0009548133595284874
1589,450,0.9,1.0,0.0010598626104023554
1590,450,1.0,0.1,0.00011869436201780416
1591,450,1.0,0.2,0.00023715415019762842
1592,450,1.0,0.30000000000000004,0.0003553800592300099
1593,450,1.0,0.4,0.0004733727810650887
1594,450,1.0,0.5,0.0005911330049261083
1595,450,1.0,0.6,0.0007086614173228346
1596,450,1.0,0.7000000000000001,0.0008259587020648969
1597,450,1.0,0.8,0.000943025540275049
1598,450,1.0,0.9,0.0010598626104023554
1599,450,1.0,1.0,0.001176470588235294
1600,460,0.1,0.1,1.197604790419162e-05
1601,460,0.1,0.2,2.392821535393819e-05
1602,460,0.1,0.30000000000000004,3.5856573705179294e-05
1603,460,0.1,0.4,4.776119402985075e-05
1604,460,0.1,0.5,5.964214711729623e-05
1605,460,0.1,0.6,7.149950347567031e-05
1606,460,0.1,0.7000000000000001,8.333333333333334e-05
1607,460,0.1,0.8,9.514370664023787e-05
1608,460,0.1,0.9,0.00010693069306930695
1609,460,0.1,1.0,0.00011869436201780416
1610,460,0.2,0.1,2.392821535393819e-05
1611,460,0.2,0.2,4.780876494023905e-05
1612,460,0.2,0.30000000000000004,7.164179104477612e-05
1613,460,0.2,0.4,9.542743538767396e-05
1614,460,0.2,0.5,0.00011916583912611719
1615,460,0.2,0.6,0.00014285714285714284
1616,460,0.2,0.7000000000000001,0.00016650148662041627
1617,460,0.2,0.8,0.0001900990099009901
1618,460,0.2,0.9,0.0002136498516320475
1619,460,0.2,1.0,0.00023715415019762842
1620,460,0.30000000000000004,0.1,3.5856573705179294e-05
1621,460,0.30000000000000004,0.2,7.164179104477612e-05
1622,460,0.30000000000000004,0.30000000000000004,0.00010735586481113325
1623,460,0.30000000000000004,0.4,0.00014299900695134064
1624,460,0.30000000000000004,0.5,0.00017857142857142863
1625,460,0.30000000000000004,0.6,0.00021407333994053523
1626,460,0.30000000000000004,0.7000000000000001,0.0002495049504950496
1627,460,0.30000000000000004,0.8,0.00028486646884273
1628,460,0.30000000000000004,0.9,0.0003201581027667985
1629,460,0.30000000000000004,1.0,0.0003553800592300099
1630,460,0.4,0.1,4.776119402985075e-05
1631,460,0.4,0.2,9.542743538767396e-05
1632,460,0.4,0.30000000000000004,0.00014299900695134064
1633,460,0.4,0.4,0.00019047619047619048
1634,460,0.4,0.5,0.00023785926660059464
1635,460,0.4,0.6,0.0002851485148514851
1636,460,0.4,0.7000000000000001,0.00033234421364985165
1637,460,0.4,0.8,0.0003794466403162055
1638,460,0.4,0.9,0.00042645607107601185
1639,460,0.4,1.0,0.0004733727810650887
1640,460,0.5,0.1,5.964214711729623e-05
1641,460,0.5,0.2,0.00011916583912611719
1642,460,0.5,0.30000000000000004,0.00017857142857142863
1643,460,0.5,0.4,0.00023785926660059464
1644,460,0.5,0.5,0.0002970297029702971
1645,460,0.5,0.6,0.0003560830860534125
1646,460,0.5,0.7000000000000001,0.0004150197628458499
1647,460,0.5,0.8,0.0004738400789733465
1648,460,0.5,0.9,0.0005325443786982249
1649,460,0.5,1.0,0.0005911330049261083
1650,460,0.6,0.1,7.149950347567032e-05
1651,460,0.6,0.2,0.00014285714285714287
1652,460,0.6,0.30000000000000004,0.00021407333994053523
1653,460,0.6,0.4,0.00028514851485148516
1654,460,0.6,0.5,0.0003560830860534125
1655,460,0.6,0.6,0.00042687747035573113
1656,460,0.6,0.7000000000000001,0.0004975320829220138
1657,460,0.6,0.8,0.0005680473372781065
1658,460,0.6,0.9,0.0006384236453201971
1659,460,0.6,1.0,0.0007086614173228346
1660,460,0.7000000000000001,0.1,8.333333333333336e-05
1661,460,0.7000000000000001,0.2,0.0001665014866204163
1662,460,0.7000000000000001,0.30000000000000004,0.0002495049504950496
1663,460,0.7000000000000001,0.4,0.0003323442136498517
1664,460,0.7000000000000001,0.5,0.0004150197628458499
1665,460,0.7000000000000001,0.6,0.0004975320829220138
1666,460,0.7000000000000001,0.7000000000000001,0.000579881656804734
1667,460,0.7000000000000001,0.8,0.0006620689655172415
1668,460,0.7000000000000001,0.9,0.0007440944881889766
1669,460,0.7000000000000001,1.0,0.0008259587020648969
1670,460,0.8,0.1,9.514370664023787e-05
1671,460,0.8,0.2,0.0001900990099009901
1672,460,0.8,0.30000000000000004,0.00028486646884273
1673,460,0.8,0.4,0.0003794466403162055
1674,460,0.8,0.5,0.0004738400789733465
1675,460,0.8,0.6,0.0005680473372781064
1676,460,0.8,0.7000000000000001,0.0006620689655172414
1677,460,0.8,0.8,0.0007559055118110237
1678,460,0.8,0.9,0.0008495575221238938
1679,460,0.8,1.0,0.000943025540275049
1680,460,0.9,0.1,0.00010693069306930696
1681,460,0.9,0.2,0.00021364985163204752
1682,460,0.9,0.30000000000000004,0.00032015810276679856
1683,460,0.9,0.4,0.0004264560710760119
1684,460,0.9,0.5,0.0005325443786982249
1685,460,0.9,0.6,0.0006384236453201972
1686,460,0.9,0.7000000000000001,0.0007440944881889766
1687,460,0.9,0.8,0.000849557522123894
1688,460,0.9,0.9,0.0009548133595284874
1689,460,0.9,1.0,0.0010598626104023554
1690,460,1.0,0.1,0.00011869436201780416
1691,460,1.0,0.2,0.00023715415019762842
1692,460,1.0,0.30000000000000004,0.0003553800592300099
1693,460,1.0,0.4,0.0004733727810650887
1694,460,1.0,0.5,0.0005911330049261083
1695,460,1.0,0.6,0.0007086614173228346
1696,460,1.0,0.7000000000000001,0.0008259587020648969
1697,460,1.0,0.8,0.000943025540275049
1698,460,1.0,0.9,0.0010598626104023554
1699,460,1.0,1.0,0.001176470588235294
1700,470,0.1,0.1,1.197604790419162e-05
1701,470,0.1,0.2,2.392821535393819e-05
1702,470,0.1,0.30000000000000004,3.5856573705179294e-05
1703,470,0.1,0.4,4.776119402985075e-05
1704,470,0.1,0.5,5.964214711729623e-05
1705,470,0.1,0.6,7.149950347567031e-05
1706,470,0.1,0.7000000000000001,8.333333333333334e-05
1707,470,0.1,0.8,9.514370664023787e-05
1708,470,0.1,0.9,0.00010693069306930695
1709,470,0.1,1.0,0.00011869436201780416
1710,470,0.2,0.1,2.392821535393819e-05
1711,470,0.2,0.2,4.780876494023905e-05
1712,470,0.2,0.30000000000000004,7.164179104477612e-05
1713,470,0.2,0.4,9.542743538767396e-05
1714,470,0.2,0.5,0.00011916583912611719
1715,470,0.2,0.6,0.00014285714285714284
1716,470,0.2,0.7000000000000001,0.00016650148662041627
1717,470,0.2,0.8,0.0001900990099009901
1718,470,0.2,0.9,0.0002136498516320475
1719,470,0.2,1.0,0.00023715415019762842
1720,470,0.30000000000000004,0.1,3.5856573705179294e-05
1721,470,0.30000000000000004,0.2,7.164179104477612e-05
1722,470,0.30000000000000004,0.30000000000000004,0.00010735586481113325
1723,470,0.30000000000000004,0.4,0.00014299900695134064
1724,470,0.30000000000000004,0.5,0.00017857142857142863
1725,470,0.30000000000000004,0.6,0.00021407333994053523
1726,470,0.30000000000000004,0.7000000000000001,0.0002495049504950496
1727,470,0.30000000000000004,0.8,0.00028486646884273
1728,470,0.30000000000000004,0.9,0.0003201581027667985
1729,470,0.30000000000000004,1.0,0.0003553800592300099
1730,470,0.4,0.1,4.776119402985075e-05
1731,470,0.4,0.2,9.542743538767396e-05
1732,470,0.4,0.30000000000000004,0.00014299900695134064
1733,470,0.4,0.4,0.00019047619047619048
1734,470,0.4,0.5,0.00023785926660059464
1735,470,0.4,0.6,0.0002851485148514851
1736,470,0.4,0.7000000000000001,0.00033234421364985165
1737,470,0.4,0.8,0.0003794466403162055
1738,470,0.4,0.9,0.00042645607107601185
1739,470,0.4,1.0,0.0004733727810650887
1740,470,0.5,0.1,5.964214711729623e-05
1741,470,0.5,0.2,0.00011916583912611719
1742,470,0.5,0.30000000000000004,0.00017857142857142863
1743,470,0.5,0.4,0.00023785926660059464
1744,470,0.5,0.5,0.0002970297029702971
1745,470,0.5,0.6,0.0003560830860534125
1746,470,0.5,0.7000000000000001,0.0004150197628458499
1747,470,0.5,0.8,0.0004738400789733465
1748,470,0.5,0.9,0.0005325443786982249
1749,470,0.5,1.0,0.0005911330049261083
1750,470,0.6,0.1,7.149950347567032e-05
1751,470,0.6,0.2,0.00014285714285714287
1752,470,0.6,0.30000000000000004,0.00021407333994053523
1753,470,0.6,0.4,0.00028514851485148516
1754,470,0.6,0.5,0.0003560830860534125
1755,470,0.6,0.6,0.00042687747035573113
1756,470,0.6,0.7000000000000001,0.0004975320829220138
1757,470,0.6,0.8,0.0005680473372781065
1758,470,0.6,0.9,0.0006384236453201971
1759,470,0.6,1.0,0.0007086614173228346
1760,470,0.7000000000000001,0.1,8.333333333333336e-05
1761,470,0.7000000000000001,0.2,0.0001665014866204163
1762,470,0.7000000000000001,0.30000000000000004,0.0002495049504950496
1763,470,0.7000000000000001,0.4,0.0003323442136498517
1764,470,0.7000000000000001,0.5,0.0004150197628458499
1765,470,0.7000000000000001,0.6,0.0004975320829220138
1766,470,0.7000000000000001,0.7000000000000001,0.000579881656804734
1767,470,0.7000000000000001,0.8,0.0006620689655172415
1768,470,0.7000000000000001,0.9,0.0007440944881889766
1769,470,0.7000000000000001,1.0,0.0008259587020648969
1770,470,0.8,0.1,9.514370664023787e-05
1771,470,0.8,0.2,0.0001900990099009901
1772,470,0.8,0.30000000000000004,0.00028486646884273
1773,470,0.8,0.4,0.0003794466403162055
1774,470,0.8,0.5,0.0004738400789733465
1775,470,0.8,0.6,0.0005680473372781064
1776,470,0.8,0.7000000000000001,0.0006620689655172414
1777,470,0.8,0.8,0.0007559055118110237
1778,470,0.8,0.9,0.0008495575221238938
1779,470,0.8,1.0,0.000943025540275049
1780,470,0.9,0.1,0.00010693069306930696
1781,470,0.9,0.2,0.00021364985163204752
1782,470,0.9,0.30000000000000004,0.00032015810276679856
1783,470,0.9,0.4,0.0004264560710760119
1784,470,0.9,0.5,0.0005325443786982249
1785,470,0.9,0.6,0.0006384236453201972
1786,470,0.9,0.7000000000000001,0.0007440944881889766
1787,470,0.9,0.8,0.000849557522123894
1788,470,0.9,0.9,0.0009548133595284874
1789,470,0.9,1.0,0.0010598626104023554
1790,470,1.0,0.1,0.00011869436201780416
1791,470,1.0,0.2,0.00023715415019762842
1792,470,1.0,0.30000000000000004,0.0003553800592300099
1793,470,1.0,0.4,0.0004733727810650887
1794,470,1.0,0.5,0.0005911330049261083
1795,470,1.0,0.6,0.0007086614173228346
1796,470,1.0,0.7000000000000001,0.0008259587020648969
1797,470,1.0,0.8,0.000943025540275049
1798,470,1.0,0.9,0.0010598626104023554
1799,470,1.0,1.0,0.001176470588235294
1800,480,0.1,0.1,1.197604790419162e-05
1801,480,0.1,0.2,2.392821535393819e-05
1802,480,0.1,0.30000000000000004,3.5856573705179294e-05
1803,480,0.1,0.4,4.776119402985075e-05
1804,480,0.1,0.5,5.964214711729623e-05
1805,480,0.1,0.6,7.149950347567031e-05
1806,480,0.1,0.7000000000000001,8.333333333333334e-05
1807,480,0.1,0.8,9.514370664023787e-05
1808,480,0.1,0.9,0.00010693069306930695
1809,480,0.1,1.0,0.00011869436201780416
1810,480,0.2,0.1,2.392821535393819e-05
1811,480,0.2,0.2,4.780876494023905e-05
1812,480,0.2,0.30000000000000004,7.164179104477612e-05
1813,480,0.2,0.4,9.542743538767396e-05
1814,480,0.2,0.5,0.00011916583912611719
1815,480,0.2,0.6,0.00014285714285714284
1816,480,0.2,0.7000000000000001,0.00016650148662041627
1817,480,0.2,0.8,0.0001900990099009901
1818,480,0.2,0.9,0.0002136498516320475
1819,480,0.2,1.0,0.00023715415019762842
1820,480,0.30000000000000004,0.1,3.5856573705179294e-05
1821,480,0.30000000000000004,0.2,7.164179104477612e-05
1822,480,0.30000000000000004,0.30000000000000004,0.00010735586481113325
1823,480,0.30000000000000004,0.4,0.00014299900695134064
1824,480,0.30000000000000004,0.5,0.00017857142857142863
1825,480,0.30000000000000004,0.6,0.00021407333994053523
1826,480,0.30000000000000004,0.7000000000000001,0.0002495049504950496
1827,480,0.30000000000000004,0.8,0.00028486646884273
1828,480,0.30000000000000004,0.9,0.0003201581027667985
1829,480,0.30000000000000004,1.0,0.0003553800592300099
1830,480,0.4,0.1,4.776119402985075e-05
1831,480,0.4,0.2,9.542743538767396e-05
1832,480,0.4,0.30000000000000004,0.00014299900695134064
1833,480,0.4,0.4,0.00019047619047619048
1834,480,0.4,0.5,0.00023785926660059464
1835,480,0.4,0.6,0.0002851485148514851
1836,480,0.4,0.7000000000000001,0.00033234421364985165
1837,480,0.4,0.8,0.0003794466403162055
1838,480,0.4,0.9,0.00042645607107601185
1839,480,0.4,1.0,0.0004733727810650887
1840,480,0.5,0.1,5.964214711729623e-05
1841,480,0.5,0.2,0.00011916583912611719
1842,480,0.5,0.30000000000000004,0.00017857142857142863
1843,480,0.5,0.4,0.00023785926660059464
1844,480,0.5,0.5,0.0002970297029702971
1845,480,0.5,0.6,0.0003560830860534125
1846,480,0.5,0.7000000000000001,0.0004150197628458499
1847,480,0.5,0.8,0.0004738400789733465
1848,480,0.5,0.9,0.0005325443786982249
1849,480,0.5,1.0,0.0005911330049261083
1850,480,0.6,0.1,7.149950347567032e-05
1851,480,0.6,0.2,0.00014285714285714287
1852,480,0.6,0.30000000000000004,0.00021407333994053523
1853,480,0.6,0.4,0.00028514851485148516
1854,480,0.6,0.5,0.0003560830860534125
1855,480,0.6,0.6,0.00042687747035573113
1856,480,0.6,0.7000000000000001,0.0004975320829220138
1857,480,0.6,0.8,0.0005680473372781065
1858,480,0.6,0.9,0.0006384236453201971
1859,480,0.6,1.0,0.0007086614173228346
1860,480,0.7000000000000001,0.1,8.333333333333336e-05
1861,480,0.7000000000000001,0.2,0.0001665014866204163
1862,480,0.7000000000000001,0.30000000000000004,0.0002495049504950496
1863,480,0.7000000000000001,0.4,0.0003323442136498517
1864,480,0.7000000000000001,0.5,0.0004150197628458499
1865,480,0.7000000000000001,0.6,0.0004975320829220138
1866,480,0.7000000000000001,0.7000000000000001,0.000579881656804734
1867,480,0.7000000000000001,0.8,0.0006620689655172415
1868,480,0.7000000000000001,0.9,0.0007440944881889766
1869,480,0.7000000000000001,1.0,0.0008259587020648969
1870,480,0.8,0.1,9.514370664023787e-05
1871,480,0.8,0.2,0.0001900990099009901
1872,480,0.8,0.30000000000000004,0.00028486646884273
1873,480,0.8,0.4,0.0003794466403162055
1874,480,0.8,0.5,0.0004738400789733465
1875,480,0.8,0.6,0.0005680473372781064
1876,480,0.8,0.7000000000000001,0.0006620689655172414
1877,480,0.8,0.8,0.0007559055118110237
1878,480,0.8,0.9,0.0008495575221238938
1879,480,0.8,1.0,0.000943025540275049
1880,480,0.9,0.1,0.00010693069306930696
1881,480,0.9,0.2,0.00021364985163204752
1882,480,0.9,0.30000000000000004,0.00032015810276679856
1883,480,0.9,0.4,0.0004264560710760119
1884,480,0.9,0.5,0.0005325443786982249
1885,480,0.9,0.6,0.0006384236453201972
1886,480,0.9,0.7000000000000001,0.0007440944881889766
1887,480,0.9,0.8,0.000849557522123894
1888,480,0.9,0.9,0.0009548133595284874
1889,480,0.9,1.0,0.0010598626104023554
1890,480,1.0,0.1,0.00011869436201780416
1891,480,1.0,0.2,0.00023715415019762842
1892,480,1.0,0.30000000000000004,0.0003553800592300099
1893,480,1.0,0.4,0.0004733727810650887
1894,480,1.0,0.5,0.0005911330049261083
1895,480,1.0,0.6,0.0007086614173228346
1896,480,1.0,0.7000000000000001,0.0008259587020648969
1897,480,1.0,0.8,0.000943025540275049
1898,480,1.0,0.9,0.0010598626104023554
1899,480,1.0,1.0,0.001176470588235294
1900,490,0.1,0.1,1.197604790419162e-05
1901,490,0.1,0.2,2.392821535393819e-05
1902,490,0.1,0.30000000000000004,3.5856573705179294e-05
1903,490,0.1,0.4,4.776119402985075e-05
1904,490,0.1,0.5,5.964214711729623e-05
1905,490,0.1,0.6,7.149950347567031e-05
1906,490,0.1,0.7000000000000001,8.333333333333334e-05
1907,490,0.1,0.8,9.514370664023787e-05
1908,490,0.1,0.9,0.00010693069306930695
1909,490,0.1,1.0,0.00011869436201780416
1910,490,0.2,0.1,2.392821535393819e-05
1911,490,0.2,0.2,4.780876494023905e-05
1912,490,0.2,0.30000000000000004,7.164179104477612e-05
1913,490,0.2,0.4,9.542743538767396e-05
1914,490,0.2,0.5,0.00011916583912611719
1915,490,0.2,0.6,0.00014285714285714284
1916,490,0.2,0.7000000000000001,0.00016650148662041627
1917,490,0.2,0.8,0.0001900990099009901
1918,490,0.2,0.9,0.0002136498516320475
1919,490,0.2,1.0,0.00023715415019762842
1920,490,0.30000000000000004,0.1,3.5856573705179294e-05
1921,490,0.30000000000000004,0.2,7.164179104477612e-05
1922,490,0.30000000000000004,0.30000000000000004,0.00010735586481113325
1923,490,0.30000000000000004,0.4,0.00014299900695134064
1924,490,0.30000000000000004,0.5,0.00017857142857142863
1925,490,0.30000000000000004,0.6,0.00021407333994053523
1926,490,0.30000000000000004,0.7000000000000001,0.0002495049504950496
1927,490,0.30000000000000004,0.8,0.00028486646884273
1928,490,0.30000000000000004,0.9,0.0003201581027667985
1929,490,0.30000000000000004,1.0,0.0003553800592300099
1930,490,0.4,0.1,4.776119402985075e-05
1931,490,0.4,0.2,9.542743538767396e-05
1932,490,0.4,0.30000000000000004,0.00014299900695134064
1933,490,0.4,0.4,0.00019047619047619048
1934,490,0.4,0.5,0.00023785926660059464
1935,490,0.4,0.6,0.0002851485148514851
1936,490,0.4,0.7000000000000001,0.00033234421364985165
1937,490,0.4,0.8,0.0003794466403162055
1938,490,0.4,0.9,0.00042645607107601185
1939,490,0.4,1.0,0.0004733727810650887
1940,490,0.5,0.1,5.964214711729623e-05
1941,490,0.5,0.2,0.00011916583912611719
1942,490,0.5,0.30000000000000004,0.00017857142857142863
1943,490,0.5,0.4,0.00023785926660059464
1944,490,0.5,0.5,0.0002970297029702971
1945,490,0.5,0.6,0.0003560830860534125
1946,490,0.5,0.7000000000000001,0.0004150197628458499
1947,490,0.5,0.8,0.0004738400789733465
1948,490,0.5,0.9,0.0005325443786982249
1949,490,0.5,1.0,0.0005911330049261083
1950,490,0.6,0.1,7.149950347567032e-05
1951,490,0.6,0.2,0.00014285714285714287
1952,490,0.6,0.30000000000000004,0.00021407333994053523
1953,490,0.6,0.4,0.00028514851485148516
1954,490,0.6,0.5,0.0003560830860534125
1955,490,0.6,0.6,0.00042687747035573113
1956,490,0.6,0.7000000000000001,0.0004975320829220138
1957,490,0.6,0.8,0.0005680473372781065
1958,490,0.6,0.9,0.0006384236453201971
1959,490,0.6,1.0,0.0007086614173228346
1960,490,0.7000000000000001,0.1,8.333333333333336e-05
1961,490,0.7000000000000001,0.2,0.0001665014866204163
1962,490,0.7000000000000001,0.30000000000000004,0.0002495049504950496
1963,490,0.7000000000000001,0.4,0.0003323442136498517
1964,490,0.7000000000000001,0.5,0.0004150197628458499
1965,490,0.7000000000000001,0.6,0.0004975320829220138
1966,490,0.7000000000000001,0.7000000000000001,0.000579881656804734
1967,490,0.7000000000000001,0.8,0.0006620689655172415
1968,490,0.7000000000000001,0.9,0.0007440944881889766
1969,490,0.7000000000000001,1.0,0.0008259587020648969
1970,490,0.8,0.1,9.514370664023787e-05
1971,490,0.8,0.2,0.0001900990099009901
1972,490,0.8,0.30000000000000004,0.00028486646884273
1973,490,0.8,0.4,0.0003794466403162055
1974,490,0.8,0.5,0.0004738400789733465
1975,490,0.8,0.6,0.0005680473372781064
1976,490,0.8,0.7000000000000001,0.0006620689655172414
1977,490,0.8,0.8,0.0007559055118110237
1978,490,0.8,0.9,0.0008495575221238938
1979,490,0.8,1.0,0.000943025540275049
1980,490,0.9,0.1,0.00010693069306930696
1981,490,0.9,0.2,0.00021364985163204752
1982,490,0.9,0.30000000000000004,0.00032015810276679856
1983,490,0.9,0.4,0.0004264560710760119
1984,490,0.9,0.5,0.0005325443786982249
1985,490,0.9,0.6,0.0006384236453201972
1986,490,0.9,0.7000000000000001,0.0007440944881889766
1987,490,0.9,0.8,0.000849557522123894
1988,490,0.9,0.9,0.0009548133595284874
1989,490,0.9,1.0,0.0010598626104023554
1990,490,1.0,0.1,0.00011869436201780416
1991,490,1.0,0.2,0.00023715415019762842
1992,490,1.0,0.30000000000000004,0.0003553800592300099
1993,490,1.0,0.4,0.0004733727810650887
1994,490,1.0,0.5,0.0005911330049261083
1995,490,1.0,0.6,0.0007086614173228346
1996,490,1.0,0.7000000000000001,0.0008259587020648969
1997,490,1.0,0.8,0.000943025540275049
1998,490,1.0,0.9,0.0010598626104023554
1999,490,1.0,1.0,0.001176470588235294
2000,500,0.1,0.1,1.197604790419162e-05
2001,500,0.1,0.2,2.392821535393819e-05
2002,500,0.1,0.30000000000000004,3.5856573705179294e-05
2003,500,0.1,0.4,4.776119402985075e-05
2004,500,0.1,0.5,5.964214711729623e-05
2005,500,0.1,0.6,7.149950347567031e-05
2006,500,0.1,0.7000000000000001,8.333333333333334e-05
2007,500,0.1,0.8,9.514370664023787e-05
2008,500,0.1,0.9,0.00010693069306930695
2009,500,0.1,1.0,0.00011869436201780416
2010,500,0.2,0.1,2.392821535393819e-05
2011,500,0.2,0.2,4.780876494023905e-05
2012,500,0.2,0.30000000000000004,7.164179104477612e-05
2013,500,0.2,0.4,9.542743538767396e-05
2014,500,0.2,0.5,0.00011916583912611719
2015,500,0.2,0.6,0.00014285714285714284
2016,500,0.2,0.7000000000000001,0.00016650148662041627
2017,500,0.2,0.8,0.0001900990099009901
2018,500,0.2,0.9,0.0002136498516320475
2019,500,0.2,1.0,0.00023715415019762842
2020,500,0.30000000000000004,0.1,3.5856573705179294e-05
2021,500,0.30000000000000004,0.2,7.164179104477612e-05
2022,500,0.30000000000000004,0.30000000000000004,0.00010735586481113325
2023,500,0.30000000000000004,0.4,0.00014299900695134064
2024,500,0.30000000000000004,0.5,0.00017857142857142863
2025,500,0.30000000000000004,0.6,0.00021407333994053523
2026,500,0.30000000000000004,0.7000000000000001,0.0002495049504950496
2027,500,0.30000000000000004,0.8,0.00028486646884273
2028,500,0.30000000000000004,0.9,0.0003201581027667985
2029,500,0.30000000000000004,1.0,0.0003553800592300099
2030,500,0.4,0.1,4.776119402985075e-05
2031,500,0.4,0.2,9.542743538767396e-05
2032,500,0.4,0.30000000000000004,0.00014299900695134064
2033,500,0.4,0.4,0.00019047619047619048
2034,500,0.4,0.5,0.00023785926660059464
2035,500,0.4,0.6,0.0002851485148514851
2036,500,0.4,0.7000000000000001,0.00033234421364985165
2037,500,0.4,0.8,0.0003794466403162055
2038,500,0.4,0.9,0.00042645607107601185
2039,500,0.4,1.0,0.0004733727810650887
2040,500,0.5,0.1,5.964214711729623e-05
2041,500,0.5,0.2,0.00011916583912611719
2042,500,0.5,0.30000000000000004,0.00017857142857142863
2043,500,0.5,0.4,0.00023785926660059464
2044,500,0.5,0.5,0.0002970297029702971
2045,500,0.5,0.6,0.0003560830860534125
2046,500,0.5,0.7000000000000001,0.0004150197628458499
2047,500,0.5,0.8,0.0004738400789733465
2048,500,0.5,0.9,0.0005325443786982249
2049,500,0.5,1.0,0.0005911330049261083
2050,500,0.6,0.1,7.149950347567032e-05
2051,500,0.6,0.2,0.00014285714285714287
2052,500,0.6,0.30000000000000004,0.00021407333994053523
2053,500,0.6,0.4,0.00028514851485148516
2054,500,0.6,0.5,0.0003560830860534125
2055,500,0.6,0.6,0.00042687747035573113
2056,500,0.6,0.7000000000000001,0.0004975320829220138
2057,500,0.6,0.8,0.0005680473372781065
2058,500,0.6,0.9,0.0006384236453201971
2059,500,0.6,1.0,0.0007086614173228346
2060,500,0.7000000000000001,0.1,8.333333333333336e-05
2061,500,0.7000000000000001,0.2,0.0001665014866204163
2062,500,0.7000000000000001,0.30000000000000004,0.0002495049504950496
2063,500,0.7000000000000001,0.4,0.0003323442136498517
2064,500,0.7000000000000001,0.5,0.0004150197628458499
2065,500,0.7000000000000001,0.6,0.0004975320829220138
2066,500,0.7000000000000001,0.7000000000000001,0.000579881656804734
2067,500,0.7000000000000001,0.8,0.0006620689655172415
2068,500,0.7000000000000001,0.9,0.0007440944881889766
2069,500,0.7000000000000001,1.0,0.0008259587020648969
2070,500,0.8,0.1,9.514370664023787e-05
2071,500,0.8,0.2,0.0001900990099009901
2072,500,0.8,0.30000000000000004,0.00028486646884273
2073,500,0.8,0.4,0.0003794466403162055
2074,500,0.8,0.5,0.0004738400789733465
2075,500,0.8,0.6,0.0005680473372781064
2076,500,0.8,0.7000000000000001,0.0006620689655172414
2077,500,0.8,0.8,0.0007559055118110237
2078,500,0.8,0.9,0.0008495575221238938
2079,500,0.8,1.0,0.000943025540275049
2080,500,0.9,0.1,0.00010693069306930696
2081,500,0.9,0.2,0.00021364985163204752
2082,500,0.9,0.30000000000000004,0.00032015810276679856
2083,500,0.9,0.4,0.0004264560710760119
2084,500,0.9,0.5,0.0005325443786982249
2085,500,0.9,0.6,0.0006384236453201972
2086,500,0.9,0.7000000000000001,0.0007440944881889766
2087,500,0.9,0.8,0.000849557522123894
2088,500,0.9,0.9,0.0009548133595284874
2089,500,0.9,1.0,0.0010598626104023554
2090,500,1.0,0.1,0.00011869436201780416
2091,500,1.0,0.2,0.00023715415019762842
2092,500,1.0,0.30000000000000004,0.0003553800592300099
2093,500,1.0,0.4,0.0004733727810650887
2094,500,1.0,0.5,0.0005911330049261083
2095,500,1.0,0.6,0.0007086614173228346
2096,500,1.0,0.7000000000000001,0.0008259587020648969
2097,500,1.0,0.8,0.000943025540275049
2098,500,1.0,0.9,0.0010598626104023554
2099,500,1.0,1.0,0.001176470588235294
